"Trace Number","Position","Number of points per trace","Elevation data","Total odometer ticks","# bytes/point","Time Sampling Interval (ps)","# of stacks","GPS X Position","GPS Y Position","GPS Z Position","Receiver X Position","Receiver Y Position","Receiver Z Position","Transmitter X Position","Transmitter Y Position","Transmitter Z Position","Timezero adjustment","Zero Trace Flag","Time of Day","Comment flag","Comments","RX_YAW (degrees)","RX_PITCH (degrees)","RX_ROLL (degrees)","TX_YAW (degrees)","TX_PITCH (degrees)","TX_ROLL (degrees)",
1,0.000,1000,545.791,0,4,1000.000,65535,-142.7496055,61.3856616,545.7913000,0.500,0.000,0.000,-0.500,0.000,0.000,101.000,"0x0",54520.49609375,0,"",0,0,0,0,0,0,
2,0.500,1000,545.744,0,4,1000.000,65535,-142.7495989,61.3856599,545.7435000,0.500,0.500,0.000,-0.500,0.500,0.000,101.000,"0x0",54522.1484375,0,"",0,0,0,0,0,0,
3,1.000,1000,545.762,0,4,1000.000,65535,-142.7495922,61.3856570,545.7619000,0.500,1.000,0.000,-0.500,1.000,0.000,101.000,"0x0",54523.80078125,0,"",0,0,0,0,0,0,
4,1.500,1000,545.722,0,4,1000.000,65535,-142.7495881,61.3856543,545.7218000,0.500,1.500,0.000,-0.500,1.500,0.000,101.000,"0x0",54525.453125,0,"",0,0,0,0,0,0,
5,2.000,1000,545.709,0,4,1000.000,65535,-142.7495790,61.3856518,545.7095000,0.500,2.000,0.000,-0.500,2.000,0.000,101.000,"0x0",54527.10546875,0,"",0,0,0,0,0,0,
6,2.500,1000,545.724,0,4,1000.000,65535,-142.7495699,61.3856492,545.7245000,0.500,2.500,0.000,-0.500,2.500,0.000,101.000,"0x0",54528.76171875,0,"",0,0,0,0,0,0,
7,3.000,1000,545.784,0,4,1000.000,65535,-142.7495635,61.3856460,545.7836000,0.500,3.000,0.000,-0.500,3.000,0.000,101.000,"0x0",54530.4140625,0,"",0,0,0,0,0,0,
8,3.500,1000,545.818,0,4,1000.000,65535,-142.7495549,61.3856449,545.8177000,0.500,3.500,0.000,-0.500,3.500,0.000,101.000,"0x0",54532.06640625,0,"",0,0,0,0,0,0,
9,4.000,1000,545.824,0,4,1000.000,65535,-142.7495464,61.3856415,545.8244000,0.500,4.000,0.000,-0.500,4.000,0.000,101.000,"0x0",54533.71875,0,"",0,0,0,0,0,0,
10,4.500,1000,545.852,0,4,1000.000,65535,-142.7495372,61.3856400,545.8523000,0.500,4.500,0.000,-0.500,4.500,0.000,101.000,"0x0",54535.37109375,0,"",0,0,0,0,0,0,
11,5.000,1000,545.926,0,4,1000.000,65535,-142.7495309,61.3856372,545.9257000,0.500,5.000,0.000,-0.500,5.000,0.000,101.000,"0x0",54537.02734375,0,"",0,0,0,0,0,0,
12,5.500,1000,545.947,0,4,1000.000,65535,-142.7495223,61.3856356,545.9470000,0.500,5.500,0.000,-0.500,5.500,0.000,101.000,"0x0",54538.6796875,0,"",0,0,0,0,0,0,
13,6.000,1000,545.906,0,4,1000.000,65535,-142.7495146,61.3856324,545.9057000,0.500,6.000,0.000,-0.500,6.000,0.000,101.000,"0x0",54540.33203125,0,"",0,0,0,0,0,0,
14,6.500,1000,545.854,0,4,1000.000,65535,-142.7495084,61.3856288,545.8536000,0.500,6.500,0.000,-0.500,6.500,0.000,101.000,"0x0",54541.984375,0,"",0,0,0,0,0,0,
15,7.000,1000,545.869,0,4,1000.000,65535,-142.7495004,61.3856267,545.8689000,0.500,7.000,0.000,-0.500,7.000,0.000,101.000,"0x0",54543.63671875,0,"",0,0,0,0,0,0,
16,7.500,1000,545.867,0,4,1000.000,65535,-142.7494945,61.3856234,545.8672000,0.500,7.500,0.000,-0.500,7.500,0.000,101.000,"0x0",54545.29296875,0,"",0,0,0,0,0,0,
17,8.000,1000,545.813,0,4,1000.000,65535,-142.7494852,61.3856202,545.8133000,0.500,8.000,0.000,-0.500,8.000,0.000,101.000,"0x0",54546.9453125,0,"",0,0,0,0,0,0,
18,8.500,1000,545.744,0,4,1000.000,65535,-142.7494770,61.3856183,545.7437000,0.500,8.500,0.000,-0.500,8.500,0.000,101.000,"0x0",54548.59765625,0,"",0,0,0,0,0,0,
19,9.000,1000,545.799,0,4,1000.000,65535,-142.7494697,61.3856148,545.7988000,0.500,9.000,0.000,-0.500,9.000,0.000,101.000,"0x0",54550.25,0,"",0,0,0,0,0,0,
20,9.500,1000,545.691,0,4,1000.000,65535,-142.7494607,61.3856134,545.6913000,0.500,9.500,0.000,-0.500,9.500,0.000,101.000,"0x0",54551.90234375,0,"",0,0,0,0,0,0,
21,10.000,1000,545.674,0,4,1000.000,65535,-142.7494530,61.3856108,545.6736000,0.500,10.000,0.000,-0.500,10.000,0.000,101.000,"0x0",54553.55859375,0,"",0,0,0,0,0,0,
22,10.500,1000,545.643,0,4,1000.000,65535,-142.7494471,61.3856104,545.6434000,0.500,10.500,0.000,-0.500,10.500,0.000,101.000,"0x0",54555.2109375,0,"",0,0,0,0,0,0,
23,11.000,1000,545.692,0,4,1000.000,65535,-142.7494413,61.3856071,545.6920000,0.500,11.000,0.000,-0.500,11.000,0.000,101.000,"0x0",54556.86328125,0,"",0,0,0,0,0,0,
24,11.500,1000,545.706,0,4,1000.000,65535,-142.7494295,61.3856042,545.7063000,0.500,11.500,0.000,-0.500,11.500,0.000,101.000,"0x0",54558.515625,0,"",0,0,0,0,0,0,
25,12.000,1000,545.719,0,4,1000.000,65535,-142.7494224,61.3856050,545.7195000,0.500,12.000,0.000,-0.500,12.000,0.000,101.000,"0x0",54560.16796875,0,"",0,0,0,0,0,0,
26,12.500,1000,545.805,0,4,1000.000,65535,-142.7494148,61.3856021,545.8055000,0.500,12.500,0.000,-0.500,12.500,0.000,101.000,"0x0",54561.82421875,0,"",0,0,0,0,0,0,
27,13.000,1000,545.835,0,4,1000.000,65535,-142.7494069,61.3856014,545.8350000,0.500,13.000,0.000,-0.500,13.000,0.000,101.000,"0x0",54563.4765625,0,"",0,0,0,0,0,0,
28,13.500,1000,545.859,0,4,1000.000,65535,-142.7493966,61.3855994,545.8587000,0.500,13.500,0.000,-0.500,13.500,0.000,101.000,"0x0",54565.12890625,0,"",0,0,0,0,0,0,
29,14.000,1000,545.909,0,4,1000.000,65535,-142.7493912,61.3855964,545.9087000,0.500,14.000,0.000,-0.500,14.000,0.000,101.000,"0x0",54566.78125,0,"",0,0,0,0,0,0,
30,14.500,1000,545.969,0,4,1000.000,65535,-142.7493806,61.3855954,545.9692000,0.500,14.500,0.000,-0.500,14.500,0.000,101.000,"0x0",54568.43359375,0,"",0,0,0,0,0,0,
31,15.000,1000,545.943,0,4,1000.000,65535,-142.7493714,61.3855929,545.9430000,0.500,15.000,0.000,-0.500,15.000,0.000,101.000,"0x0",54570.0859375,0,"",0,0,0,0,0,0,
32,15.500,1000,545.949,0,4,1000.000,65535,-142.7493628,61.3855897,545.9491000,0.500,15.500,0.000,-0.500,15.500,0.000,101.000,"0x0",54571.7421875,0,"",0,0,0,0,0,0,
33,16.000,1000,545.984,0,4,1000.000,65535,-142.7493549,61.3855884,545.9844000,0.500,16.000,0.000,-0.500,16.000,0.000,101.000,"0x0",54573.39453125,0,"",0,0,0,0,0,0,
34,16.500,1000,546.034,0,4,1000.000,65535,-142.7493458,61.3855859,546.0336000,0.500,16.500,0.000,-0.500,16.500,0.000,101.000,"0x0",54575.046875,0,"",0,0,0,0,0,0,
35,17.000,1000,546.044,0,4,1000.000,65535,-142.7493389,61.3855823,546.0440000,0.500,17.000,0.000,-0.500,17.000,0.000,101.000,"0x0",54576.69921875,0,"",0,0,0,0,0,0,
36,17.500,1000,546.055,0,4,1000.000,65535,-142.7493313,61.3855817,546.0551000,0.500,17.500,0.000,-0.500,17.500,0.000,101.000,"0x0",54578.3515625,0,"",0,0,0,0,0,0,
37,18.000,1000,546.080,0,4,1000.000,65535,-142.7493212,61.3855792,546.0798000,0.500,18.000,0.000,-0.500,18.000,0.000,101.000,"0x0",54580.0078125,0,"",0,0,0,0,0,0,
38,18.500,1000,546.090,0,4,1000.000,65535,-142.7493161,61.3855749,546.0902000,0.500,18.500,0.000,-0.500,18.500,0.000,101.000,"0x0",54581.66015625,0,"",0,0,0,0,0,0,
39,19.000,1000,546.172,0,4,1000.000,65535,-142.7493081,61.3855741,546.1723000,0.500,19.000,0.000,-0.500,19.000,0.000,101.000,"0x0",54583.3125,0,"",0,0,0,0,0,0,
40,19.500,1000,546.201,0,4,1000.000,65535,-142.7492998,61.3855707,546.2005000,0.500,19.500,0.000,-0.500,19.500,0.000,101.000,"0x0",54584.96484375,0,"",0,0,0,0,0,0,
41,20.000,1000,546.223,0,4,1000.000,65535,-142.7492898,61.3855693,546.2226000,0.500,20.000,0.000,-0.500,20.000,0.000,101.000,"0x0",54586.6171875,0,"",0,0,0,0,0,0,
42,20.500,1000,546.222,0,4,1000.000,65535,-142.7492787,61.3855672,546.2221000,0.500,20.500,0.000,-0.500,20.500,0.000,101.000,"0x0",54588.2734375,0,"",0,0,0,0,0,0,
43,21.000,1000,546.259,0,4,1000.000,65535,-142.7492721,61.3855628,546.2587000,0.500,21.000,0.000,-0.500,21.000,0.000,101.000,"0x0",54589.92578125,0,"",0,0,0,0,0,0,
44,21.500,1000,546.331,0,4,1000.000,65535,-142.7492612,61.3855599,546.3308000,0.500,21.500,0.000,-0.500,21.500,0.000,101.000,"0x0",54591.578125,0,"",0,0,0,0,0,0,
45,22.000,1000,546.362,0,4,1000.000,65535,-142.7492496,61.3855575,546.3622000,0.500,22.000,0.000,-0.500,22.000,0.000,101.000,"0x0",54593.23046875,0,"",0,0,0,0,0,0,
46,22.500,1000,546.464,0,4,1000.000,65535,-142.7492435,61.3855541,546.4638000,0.500,22.500,0.000,-0.500,22.500,0.000,101.000,"0x0",54594.8828125,0,"",0,0,0,0,0,0,
47,23.000,1000,546.496,0,4,1000.000,65535,-142.7492344,61.3855524,546.4961000,0.500,23.000,0.000,-0.500,23.000,0.000,101.000,"0x0",54596.5390625,0,"",0,0,0,0,0,0,
48,23.500,1000,546.485,0,4,1000.000,65535,-142.7492248,61.3855505,546.4846000,0.500,23.500,0.000,-0.500,23.500,0.000,101.000,"0x0",54598.19140625,0,"",0,0,0,0,0,0,
49,24.000,1000,546.556,0,4,1000.000,65535,-142.7492166,61.3855456,546.5559000,0.500,24.000,0.000,-0.500,24.000,0.000,101.000,"0x0",54599.84375,0,"",0,0,0,0,0,0,
50,24.500,1000,546.527,0,4,1000.000,65535,-142.7492067,61.3855428,546.5272000,0.500,24.500,0.000,-0.500,24.500,0.000,101.000,"0x0",54601.49609375,0,"",0,0,0,0,0,0,
51,25.000,1000,546.567,0,4,1000.000,65535,-142.7491969,61.3855418,546.5671000,0.500,25.000,0.000,-0.500,25.000,0.000,101.000,"0x0",54603.1484375,0,"",0,0,0,0,0,0,
52,25.500,1000,546.635,0,4,1000.000,65535,-142.7491903,61.3855384,546.6355000,0.500,25.500,0.000,-0.500,25.500,0.000,101.000,"0x0",54604.8046875,0,"",0,0,0,0,0,0,
53,26.000,1000,546.705,0,4,1000.000,65535,-142.7491799,61.3855356,546.7049000,0.500,26.000,0.000,-0.500,26.000,0.000,101.000,"0x0",54606.45703125,0,"",0,0,0,0,0,0,
54,26.500,1000,546.660,0,4,1000.000,65535,-142.7491669,61.3855325,546.6603000,0.500,26.500,0.000,-0.500,26.500,0.000,101.000,"0x0",54608.109375,0,"",0,0,0,0,0,0,
55,27.000,1000,546.691,0,4,1000.000,65535,-142.7491627,61.3855290,546.6913000,0.500,27.000,0.000,-0.500,27.000,0.000,101.000,"0x0",54609.76171875,0,"",0,0,0,0,0,0,
56,27.500,1000,546.771,0,4,1000.000,65535,-142.7491529,61.3855276,546.7705000,0.500,27.500,0.000,-0.500,27.500,0.000,101.000,"0x0",54611.4140625,0,"",0,0,0,0,0,0,
57,28.000,1000,546.790,0,4,1000.000,65535,-142.7491440,61.3855245,546.7898000,0.500,28.000,0.000,-0.500,28.000,0.000,101.000,"0x0",54613.0703125,0,"",0,0,0,0,0,0,
58,28.500,1000,546.819,0,4,1000.000,65535,-142.7491373,61.3855211,546.8191000,0.500,28.500,0.000,-0.500,28.500,0.000,101.000,"0x0",54614.72265625,0,"",0,0,0,0,0,0,
59,29.000,1000,546.897,0,4,1000.000,65535,-142.7491269,61.3855198,546.8968000,0.500,29.000,0.000,-0.500,29.000,0.000,101.000,"0x0",54616.375,0,"",0,0,0,0,0,0,
60,29.500,1000,546.943,0,4,1000.000,65535,-142.7491195,61.3855188,546.9435000,0.500,29.500,0.000,-0.500,29.500,0.000,101.000,"0x0",54618.02734375,0,"",0,0,0,0,0,0,
61,30.000,1000,547.039,0,4,1000.000,65535,-142.7491119,61.3855160,547.0386000,0.500,30.000,0.000,-0.500,30.000,0.000,101.000,"0x0",54619.6796875,0,"",0,0,0,0,0,0,
62,30.500,1000,547.021,0,4,1000.000,65535,-142.7491024,61.3855122,547.0209000,0.500,30.500,0.000,-0.500,30.500,0.000,101.000,"0x0",54621.3359375,0,"",0,0,0,0,0,0,
63,31.000,1000,547.063,0,4,1000.000,65535,-142.7490924,61.3855095,547.0632000,0.500,31.000,0.000,-0.500,31.000,0.000,101.000,"0x0",54622.98828125,0,"",0,0,0,0,0,0,
64,31.500,1000,547.132,0,4,1000.000,65535,-142.7490831,61.3855073,547.1319000,0.500,31.500,0.000,-0.500,31.500,0.000,101.000,"0x0",54624.640625,0,"",0,0,0,0,0,0,
65,32.000,1000,547.091,0,4,1000.000,65535,-142.7490763,61.3855047,547.0907000,0.500,32.000,0.000,-0.500,32.000,0.000,101.000,"0x0",54626.29296875,0,"",0,0,0,0,0,0,
66,32.500,1000,547.131,0,4,1000.000,65535,-142.7490671,61.3855022,547.1308000,0.500,32.500,0.000,-0.500,32.500,0.000,101.000,"0x0",54627.9453125,0,"",0,0,0,0,0,0,
67,33.000,1000,547.208,0,4,1000.000,65535,-142.7490618,61.3854993,547.2078000,0.500,33.000,0.000,-0.500,33.000,0.000,101.000,"0x0",54629.6015625,0,"",0,0,0,0,0,0,
68,33.500,1000,547.258,0,4,1000.000,65535,-142.7490518,61.3854982,547.2585000,0.500,33.500,0.000,-0.500,33.500,0.000,101.000,"0x0",54631.25390625,0,"",0,0,0,0,0,0,
69,34.000,1000,547.285,0,4,1000.000,65535,-142.7490431,61.3854935,547.2846000,0.500,34.000,0.000,-0.500,34.000,0.000,101.000,"0x0",54632.90625,0,"",0,0,0,0,0,0,
70,34.500,1000,547.328,0,4,1000.000,65535,-142.7490343,61.3854904,547.3285000,0.500,34.500,0.000,-0.500,34.500,0.000,101.000,"0x0",54634.55859375,0,"",0,0,0,0,0,0,
71,35.000,1000,547.361,0,4,1000.000,65535,-142.7490255,61.3854886,547.3609000,0.500,35.000,0.000,-0.500,35.000,0.000,101.000,"0x0",54636.2109375,0,"",0,0,0,0,0,0,
72,35.500,1000,547.451,0,4,1000.000,65535,-142.7490193,61.3854852,547.4507000,0.500,35.500,0.000,-0.500,35.500,0.000,101.000,"0x0",54637.8671875,0,"",0,0,0,0,0,0,
73,36.000,1000,547.513,0,4,1000.000,65535,-142.7490123,61.3854848,547.5128000,0.500,36.000,0.000,-0.500,36.000,0.000,101.000,"0x0",54639.51953125,0,"",0,0,0,0,0,0,
74,36.500,1000,547.559,0,4,1000.000,65535,-142.7490071,61.3854810,547.5590000,0.500,36.500,0.000,-0.500,36.500,0.000,101.000,"0x0",54641.171875,0,"",0,0,0,0,0,0,
75,37.000,1000,547.604,0,4,1000.000,65535,-142.7489968,61.3854782,547.6037000,0.500,37.000,0.000,-0.500,37.000,0.000,101.000,"0x0",54642.82421875,0,"",0,0,0,0,0,0,
76,37.500,1000,547.586,0,4,1000.000,65535,-142.7489869,61.3854767,547.5858000,0.500,37.500,0.000,-0.500,37.500,0.000,101.000,"0x0",54644.4765625,0,"",0,0,0,0,0,0,
77,38.000,1000,547.674,0,4,1000.000,65535,-142.7489821,61.3854732,547.6743000,0.500,38.000,0.000,-0.500,38.000,0.000,101.000,"0x0",54646.12890625,0,"",0,0,0,0,0,0,
78,38.500,1000,547.734,0,4,1000.000,65535,-142.7489729,61.3854722,547.7340000,0.500,38.500,0.000,-0.500,38.500,0.000,101.000,"0x0",54647.78515625,0,"",0,0,0,0,0,0,
79,39.000,1000,547.799,0,4,1000.000,65535,-142.7489677,61.3854683,547.7985000,0.500,39.000,0.000,-0.500,39.000,0.000,101.000,"0x0",54649.4375,0,"",0,0,0,0,0,0,
80,39.500,1000,547.902,0,4,1000.000,65535,-142.7489580,61.3854660,547.9022000,0.500,39.500,0.000,-0.500,39.500,0.000,101.000,"0x0",54651.08984375,0,"",0,0,0,0,0,0,
81,40.000,1000,547.979,0,4,1000.000,65535,-142.7489568,61.3854629,547.9787000,0.500,40.000,0.000,-0.500,40.000,0.000,101.000,"0x0",54652.7421875,0,"",0,0,0,0,0,0,
82,40.500,1000,548.102,0,4,1000.000,65535,-142.7489482,61.3854609,548.1023000,0.500,40.500,0.000,-0.500,40.500,0.000,101.000,"0x0",54654.3984375,0,"",0,0,0,0,0,0,
83,41.000,1000,548.148,0,4,1000.000,65535,-142.7489461,61.3854574,548.1477000,0.500,41.000,0.000,-0.500,41.000,0.000,101.000,"0x0",54656.05078125,0,"",0,0,0,0,0,0,
84,41.500,1000,548.253,0,4,1000.000,65535,-142.7489368,61.3854569,548.2528000,0.500,41.500,0.000,-0.500,41.500,0.000,101.000,"0x0",54657.703125,0,"",0,0,0,0,0,0,
85,42.000,1000,548.289,0,4,1000.000,65535,-142.7489305,61.3854542,548.2894000,0.500,42.000,0.000,-0.500,42.000,0.000,101.000,"0x0",54659.35546875,0,"",0,0,0,0,0,0,
86,42.500,1000,548.354,0,4,1000.000,65535,-142.7489210,61.3854535,548.3545000,0.500,42.500,0.000,-0.500,42.500,0.000,101.000,"0x0",54661.0078125,0,"",0,0,0,0,0,0,
87,43.000,1000,548.391,0,4,1000.000,65535,-142.7489148,61.3854497,548.3913000,0.500,43.000,0.000,-0.500,43.000,0.000,101.000,"0x0",54662.6640625,0,"",0,0,0,0,0,0,
88,43.500,1000,548.483,0,4,1000.000,65535,-142.7489059,61.3854489,548.4831000,0.500,43.500,0.000,-0.500,43.500,0.000,101.000,"0x0",54664.31640625,0,"",0,0,0,0,0,0,
89,44.000,1000,548.417,0,4,1000.000,65535,-142.7488997,61.3854454,548.4170000,0.500,44.000,0.000,-0.500,44.000,0.000,101.000,"0x0",54665.96875,0,"",0,0,0,0,0,0,
90,44.500,1000,548.665,0,4,1000.000,65535,-142.7488922,61.3854454,548.6649000,0.500,44.500,0.000,-0.500,44.500,0.000,101.000,"0x0",54667.62109375,0,"",0,0,0,0,0,0,
91,45.000,1000,548.812,0,4,1000.000,65535,-142.7488831,61.3854420,548.8123000,0.500,45.000,0.000,-0.500,45.000,0.000,101.000,"0x0",54669.2734375,0,"",0,0,0,0,0,0,
92,45.500,1000,548.865,0,4,1000.000,65535,-142.7488711,61.3854409,548.8650000,0.500,45.500,0.000,-0.500,45.500,0.000,101.000,"0x0",54670.9296875,0,"",0,0,0,0,0,0,
93,46.000,1000,548.888,0,4,1000.000,65535,-142.7488602,61.3854386,548.8880000,0.500,46.000,0.000,-0.500,46.000,0.000,101.000,"0x0",54672.58203125,0,"",0,0,0,0,0,0,
94,46.500,1000,548.927,0,4,1000.000,65535,-142.7488510,61.3854372,548.9268000,0.500,46.500,0.000,-0.500,46.500,0.000,101.000,"0x0",54674.234375,0,"",0,0,0,0,0,0,
95,47.000,1000,549.016,0,4,1000.000,65535,-142.7488428,61.3854361,549.0162000,0.500,47.000,0.000,-0.500,47.000,0.000,101.000,"0x0",54675.88671875,0,"",0,0,0,0,0,0,
96,47.500,1000,549.020,0,4,1000.000,65535,-142.7488336,61.3854345,549.0196000,0.500,47.500,0.000,-0.500,47.500,0.000,101.000,"0x0",54677.5390625,0,"",0,0,0,0,0,0,
97,48.000,1000,549.122,0,4,1000.000,65535,-142.7488235,61.3854345,549.1220000,0.500,48.000,0.000,-0.500,48.000,0.000,101.000,"0x0",54679.1953125,0,"",0,0,0,0,0,0,
98,48.500,1000,549.260,0,4,1000.000,65535,-142.7488123,61.3854322,549.2596000,0.500,48.500,0.000,-0.500,48.500,0.000,101.000,"0x0",54680.84765625,0,"",0,0,0,0,0,0,
99,49.000,1000,549.224,0,4,1000.000,65535,-142.7488011,61.3854312,549.2238000,0.500,49.000,0.000,-0.500,49.000,0.000,101.000,"0x0",54682.5,0,"",0,0,0,0,0,0,
100,49.500,1000,549.307,0,4,1000.000,65535,-142.7487922,61.3854312,549.3067000,0.500,49.500,0.000,-0.500,49.500,0.000,101.000,"0x0",54684.15234375,0,"",0,0,0,0,0,0,
101,50.000,1000,549.340,0,4,1000.000,65535,-142.7487787,61.3854306,549.3402000,0.500,50.000,0.000,-0.500,50.000,0.000,101.000,"0x0",54685.8046875,0,"",0,0,0,0,0,0,
102,50.500,1000,549.314,0,4,1000.000,65535,-142.7487685,61.3854291,549.3138000,0.500,50.500,0.000,-0.500,50.500,0.000,101.000,"0x0",54687.4609375,0,"",0,0,0,0,0,0,
103,51.000,1000,549.214,0,4,1000.000,65535,-142.7487550,61.3854293,549.2137000,0.500,51.000,0.000,-0.500,51.000,0.000,101.000,"0x0",54689.11328125,0,"",0,0,0,0,0,0,
104,51.500,1000,549.248,0,4,1000.000,65535,-142.7487440,61.3854284,549.2480000,0.500,51.500,0.000,-0.500,51.500,0.000,101.000,"0x0",54690.765625,0,"",0,0,0,0,0,0,
105,52.000,1000,549.224,0,4,1000.000,65535,-142.7487291,61.3854281,549.2238000,0.500,52.000,0.000,-0.500,52.000,0.000,101.000,"0x0",54692.41796875,0,"",0,0,0,0,0,0,
106,52.500,1000,549.146,0,4,1000.000,65535,-142.7487155,61.3854270,549.1459000,0.500,52.500,0.000,-0.500,52.500,0.000,101.000,"0x0",54694.0703125,0,"",0,0,0,0,0,0,
107,53.000,1000,549.114,0,4,1000.000,65535,-142.7487026,61.3854273,549.1140000,0.500,53.000,0.000,-0.500,53.000,0.000,101.000,"0x0",54695.72265625,0,"",0,0,0,0,0,0,
108,53.500,1000,549.154,0,4,1000.000,65535,-142.7486870,61.3854255,549.1536000,0.500,53.500,0.000,-0.500,53.500,0.000,101.000,"0x0",54697.37890625,0,"",0,0,0,0,0,0,
109,54.000,1000,549.144,0,4,1000.000,65535,-142.7486718,61.3854252,549.1440000,0.500,54.000,0.000,-0.500,54.000,0.000,101.000,"0x0",54699.03125,0,"",0,0,0,0,0,0,
110,54.500,1000,549.170,0,4,1000.000,65535,-142.7486595,61.3854239,549.1698000,0.500,54.500,0.000,-0.500,54.500,0.000,101.000,"0x0",54700.68359375,0,"",0,0,0,0,0,0,
111,55.000,1000,549.233,0,4,1000.000,65535,-142.7486482,61.3854256,549.2330000,0.500,55.000,0.000,-0.500,55.000,0.000,101.000,"0x0",54702.3359375,0,"",0,0,0,0,0,0,
112,55.500,1000,549.363,0,4,1000.000,65535,-142.7486376,61.3854263,549.3634000,0.500,55.500,0.000,-0.500,55.500,0.000,101.000,"0x0",54703.98828125,0,"",0,0,0,0,0,0,
113,56.000,1000,549.325,0,4,1000.000,65535,-142.7486244,61.3854262,549.3245000,0.500,56.000,0.000,-0.500,56.000,0.000,101.000,"0x0",54705.64453125,0,"",0,0,0,0,0,0,
114,56.500,1000,549.257,0,4,1000.000,65535,-142.7486113,61.3854258,549.2572000,0.500,56.500,0.000,-0.500,56.500,0.000,101.000,"0x0",54707.296875,0,"",0,0,0,0,0,0,
115,57.000,1000,549.196,0,4,1000.000,65535,-142.7486024,61.3854279,549.1959000,0.500,57.000,0.000,-0.500,57.000,0.000,101.000,"0x0",54708.94921875,0,"",0,0,0,0,0,0,
116,57.500,1000,549.274,0,4,1000.000,65535,-142.7485907,61.3854263,549.2737000,0.500,57.500,0.000,-0.500,57.500,0.000,101.000,"0x0",54710.6015625,0,"",0,0,0,0,0,0,
117,58.000,1000,549.268,0,4,1000.000,65535,-142.7485790,61.3854278,549.2675000,0.500,58.000,0.000,-0.500,58.000,0.000,101.000,"0x0",54712.25390625,0,"",0,0,0,0,0,0,
118,58.500,1000,549.378,0,4,1000.000,65535,-142.7485713,61.3854287,549.3776000,0.500,58.500,0.000,-0.500,58.500,0.000,101.000,"0x0",54713.91015625,0,"",0,0,0,0,0,0,
119,59.000,1000,549.577,0,4,1000.000,65535,-142.7485643,61.3854284,549.5770000,0.500,59.000,0.000,-0.500,59.000,0.000,101.000,"0x0",54715.5625,0,"",0,0,0,0,0,0,
120,59.500,1000,549.698,0,4,1000.000,65535,-142.7485563,61.3854300,549.6977000,0.500,59.500,0.000,-0.500,59.500,0.000,101.000,"0x0",54717.21484375,0,"",0,0,0,0,0,0,
121,60.000,1000,549.717,0,4,1000.000,65535,-142.7485452,61.3854305,549.7174000,0.500,60.000,0.000,-0.500,60.000,0.000,101.000,"0x0",54718.8671875,0,"",0,0,0,0,0,0,
122,60.500,1000,549.660,0,4,1000.000,65535,-142.7485369,61.3854299,549.6603000,0.500,60.500,0.000,-0.500,60.500,0.000,101.000,"0x0",54720.51953125,0,"",0,0,0,0,0,0,
123,61.000,1000,549.680,0,4,1000.000,65535,-142.7485268,61.3854316,549.6804000,0.500,61.000,0.000,-0.500,61.000,0.000,101.000,"0x0",54722.17578125,0,"",0,0,0,0,0,0,
124,61.500,1000,549.730,0,4,1000.000,65535,-142.7485186,61.3854306,549.7303000,0.500,61.500,0.000,-0.500,61.500,0.000,101.000,"0x0",54723.828125,0,"",0,0,0,0,0,0,
125,62.000,1000,549.764,0,4,1000.000,65535,-142.7485110,61.3854324,549.7643000,0.500,62.000,0.000,-0.500,62.000,0.000,101.000,"0x0",54725.48046875,0,"",0,0,0,0,0,0,
126,62.500,1000,549.801,0,4,1000.000,65535,-142.7485022,61.3854328,549.8013000,0.500,62.500,0.000,-0.500,62.500,0.000,101.000,"0x0",54727.1328125,0,"",0,0,0,0,0,0,
127,63.000,1000,549.887,0,4,1000.000,65535,-142.7484913,61.3854336,549.8870000,0.500,63.000,0.000,-0.500,63.000,0.000,101.000,"0x0",54728.78515625,0,"",0,0,0,0,0,0,
128,63.500,1000,549.938,0,4,1000.000,65535,-142.7484843,61.3854348,549.9385000,0.500,63.500,0.000,-0.500,63.500,0.000,101.000,"0x0",54730.44140625,0,"",0,0,0,0,0,0,
129,64.000,1000,550.002,0,4,1000.000,65535,-142.7484790,61.3854345,550.0023000,0.500,64.000,0.000,-0.500,64.000,0.000,101.000,"0x0",54732.09375,0,"",0,0,0,0,0,0,
130,64.500,1000,550.074,0,4,1000.000,65535,-142.7484679,61.3854360,550.0743000,0.500,64.500,0.000,-0.500,64.500,0.000,101.000,"0x0",54733.74609375,0,"",0,0,0,0,0,0,
131,65.000,1000,550.086,0,4,1000.000,65535,-142.7484582,61.3854378,550.0860000,0.500,65.000,0.000,-0.500,65.000,0.000,101.000,"0x0",54735.3984375,0,"",0,0,0,0,0,0,
132,65.500,1000,550.159,0,4,1000.000,65535,-142.7484502,61.3854379,550.1586000,0.500,65.500,0.000,-0.500,65.500,0.000,101.000,"0x0",54737.05078125,0,"",0,0,0,0,0,0,
133,66.000,1000,550.216,0,4,1000.000,65535,-142.7484434,61.3854401,550.2162000,0.500,66.000,0.000,-0.500,66.000,0.000,101.000,"0x0",54738.70703125,0,"",0,0,0,0,0,0,
134,66.500,1000,550.260,0,4,1000.000,65535,-142.7484319,61.3854400,550.2598000,0.500,66.500,0.000,-0.500,66.500,0.000,101.000,"0x0",54740.359375,0,"",0,0,0,0,0,0,
135,67.000,1000,550.256,0,4,1000.000,65535,-142.7484203,61.3854403,550.2556000,0.500,67.000,0.000,-0.500,67.000,0.000,101.000,"0x0",54742.01171875,0,"",0,0,0,0,0,0,
136,67.500,1000,550.253,0,4,1000.000,65535,-142.7484119,61.3854420,550.2531000,0.500,67.500,0.000,-0.500,67.500,0.000,101.000,"0x0",54743.6640625,0,"",0,0,0,0,0,0,
137,68.000,1000,550.307,0,4,1000.000,65535,-142.7484023,61.3854417,550.3069000,0.500,68.000,0.000,-0.500,68.000,0.000,101.000,"0x0",54745.31640625,0,"",0,0,0,0,0,0,
138,68.500,1000,550.401,0,4,1000.000,65535,-142.7483959,61.3854429,550.4010000,0.500,68.500,0.000,-0.500,68.500,0.000,101.000,"0x0",54746.97265625,0,"",0,0,0,0,0,0,
139,69.000,1000,550.413,0,4,1000.000,65535,-142.7483888,61.3854448,550.4134000,0.500,69.000,0.000,-0.500,69.000,0.000,101.000,"0x0",54748.625,0,"",0,0,0,0,0,0,
140,69.500,1000,550.465,0,4,1000.000,65535,-142.7483765,61.3854446,550.4651000,0.500,69.500,0.000,-0.500,69.500,0.000,101.000,"0x0",54750.27734375,0,"",0,0,0,0,0,0,
141,70.000,1000,550.418,0,4,1000.000,65535,-142.7483684,61.3854443,550.4178000,0.500,70.000,0.000,-0.500,70.000,0.000,101.000,"0x0",54751.9296875,0,"",0,0,0,0,0,0,
142,70.500,1000,550.434,0,4,1000.000,65535,-142.7483583,61.3854446,550.4344000,0.500,70.500,0.000,-0.500,70.500,0.000,101.000,"0x0",54753.58203125,0,"",0,0,0,0,0,0,
143,71.000,1000,550.406,0,4,1000.000,65535,-142.7483473,61.3854484,550.4056000,0.500,71.000,0.000,-0.500,71.000,0.000,101.000,"0x0",54755.23828125,0,"",0,0,0,0,0,0,
144,71.500,1000,550.387,0,4,1000.000,65535,-142.7483360,61.3854492,550.3870000,0.500,71.500,0.000,-0.500,71.500,0.000,101.000,"0x0",54756.890625,0,"",0,0,0,0,0,0,
145,72.000,1000,550.373,0,4,1000.000,65535,-142.7483226,61.3854496,550.3732000,0.500,72.000,0.000,-0.500,72.000,0.000,101.000,"0x0",54758.54296875,0,"",0,0,0,0,0,0,
146,72.500,1000,550.345,0,4,1000.000,65535,-142.7483100,61.3854498,550.3454000,0.500,72.500,0.000,-0.500,72.500,0.000,101.000,"0x0",54760.1953125,0,"",0,0,0,0,0,0,
147,73.000,1000,550.549,0,4,1000.000,65535,-142.7482988,61.3854501,550.5492000,0.500,73.000,0.000,-0.500,73.000,0.000,101.000,"0x0",54761.84765625,0,"",0,0,0,0,0,0,
148,73.500,1000,550.640,0,4,1000.000,65535,-142.7482877,61.3854509,550.6404000,0.500,73.500,0.000,-0.500,73.500,0.000,101.000,"0x0",54763.50390625,0,"",0,0,0,0,0,0,
149,74.000,1000,550.747,0,4,1000.000,65535,-142.7482791,61.3854488,550.7465000,0.500,74.000,0.000,-0.500,74.000,0.000,101.000,"0x0",54765.15625,0,"",0,0,0,0,0,0,
150,74.500,1000,550.764,0,4,1000.000,65535,-142.7482672,61.3854482,550.7643000,0.500,74.500,0.000,-0.500,74.500,0.000,101.000,"0x0",54766.80859375,0,"",0,0,0,0,0,0,
151,75.000,1000,550.791,0,4,1000.000,65535,-142.7482565,61.3854496,550.7911000,0.500,75.000,0.000,-0.500,75.000,0.000,101.000,"0x0",54768.4609375,0,"",0,0,0,0,0,0,
152,75.500,1000,550.831,0,4,1000.000,65535,-142.7482464,61.3854470,550.8312000,0.500,75.500,0.000,-0.500,75.500,0.000,101.000,"0x0",54770.11328125,0,"",0,0,0,0,0,0,
153,76.000,1000,550.878,0,4,1000.000,65535,-142.7482327,61.3854473,550.8777000,0.500,76.000,0.000,-0.500,76.000,0.000,101.000,"0x0",54771.76953125,0,"",0,0,0,0,0,0,
154,76.500,1000,550.924,0,4,1000.000,65535,-142.7482224,61.3854483,550.9239000,0.500,76.500,0.000,-0.500,76.500,0.000,101.000,"0x0",54773.421875,0,"",0,0,0,0,0,0,
155,77.000,1000,551.132,0,4,1000.000,65535,-142.7482118,61.3854468,551.1317000,0.500,77.000,0.000,-0.500,77.000,0.000,101.000,"0x0",54775.07421875,0,"",0,0,0,0,0,0,
156,77.500,1000,551.234,0,4,1000.000,65535,-142.7482030,61.3854485,551.2345000,0.500,77.500,0.000,-0.500,77.500,0.000,101.000,"0x0",54776.7265625,0,"",0,0,0,0,0,0,
157,78.000,1000,551.336,0,4,1000.000,65535,-142.7481930,61.3854466,551.3356000,0.500,78.000,0.000,-0.500,78.000,0.000,101.000,"0x0",54778.37890625,0,"",0,0,0,0,0,0,
158,78.500,1000,551.388,0,4,1000.000,65535,-142.7481801,61.3854459,551.3877000,0.500,78.500,0.000,-0.500,78.500,0.000,101.000,"0x0",54780.03515625,0,"",0,0,0,0,0,0,
159,79.000,1000,551.450,0,4,1000.000,65535,-142.7481710,61.3854470,551.4495000,0.500,79.000,0.000,-0.500,79.000,0.000,101.000,"0x0",54781.6875,0,"",0,0,0,0,0,0,
160,79.500,1000,551.589,0,4,1000.000,65535,-142.7481604,61.3854456,551.5888000,0.500,79.500,0.000,-0.500,79.500,0.000,101.000,"0x0",54783.33984375,0,"",0,0,0,0,0,0,
161,80.000,1000,551.680,0,4,1000.000,65535,-142.7481487,61.3854452,551.6801000,0.500,80.000,0.000,-0.500,80.000,0.000,101.000,"0x0",54784.9921875,0,"",0,0,0,0,0,0,
162,80.500,1000,551.643,0,4,1000.000,65535,-142.7481394,61.3854456,551.6429000,0.500,80.500,0.000,-0.500,80.500,0.000,101.000,"0x0",54786.64453125,0,"",0,0,0,0,0,0,
163,81.000,1000,551.770,0,4,1000.000,65535,-142.7481318,61.3854457,551.7703000,0.500,81.000,0.000,-0.500,81.000,0.000,101.000,"0x0",54788.30078125,0,"",0,0,0,0,0,0,
164,81.500,1000,551.926,0,4,1000.000,65535,-142.7481218,61.3854442,551.9258000,0.500,81.500,0.000,-0.500,81.500,0.000,101.000,"0x0",54789.953125,0,"",0,0,0,0,0,0,
165,82.000,1000,551.989,0,4,1000.000,65535,-142.7481113,61.3854434,551.9891000,0.500,82.000,0.000,-0.500,82.000,0.000,101.000,"0x0",54791.60546875,0,"",0,0,0,0,0,0,
166,82.500,1000,552.005,0,4,1000.000,65535,-142.7481041,61.3854432,552.0051000,0.500,82.500,0.000,-0.500,82.500,0.000,101.000,"0x0",54793.2578125,0,"",0,0,0,0,0,0,
167,83.000,1000,552.060,0,4,1000.000,65535,-142.7480943,61.3854432,552.0604000,0.500,83.000,0.000,-0.500,83.000,0.000,101.000,"0x0",54794.91015625,0,"",0,0,0,0,0,0,
168,83.500,1000,552.085,0,4,1000.000,65535,-142.7480847,61.3854428,552.0852000,0.500,83.500,0.000,-0.500,83.500,0.000,101.000,"0x0",54796.56640625,0,"",0,0,0,0,0,0,
169,84.000,1000,552.128,0,4,1000.000,65535,-142.7480758,61.3854417,552.1281000,0.500,84.000,0.000,-0.500,84.000,0.000,101.000,"0x0",54798.21875,0,"",0,0,0,0,0,0,
170,84.500,1000,552.141,0,4,1000.000,65535,-142.7480692,61.3854430,552.1406000,0.500,84.500,0.000,-0.500,84.500,0.000,101.000,"0x0",54799.87109375,0,"",0,0,0,0,0,0,
171,85.000,1000,552.224,0,4,1000.000,65535,-142.7480578,61.3854413,552.2245000,0.500,85.000,0.000,-0.500,85.000,0.000,101.000,"0x0",54801.5234375,0,"",0,0,0,0,0,0,
172,85.500,1000,552.260,0,4,1000.000,65535,-142.7480483,61.3854397,552.2598000,0.500,85.500,0.000,-0.500,85.500,0.000,101.000,"0x0",54803.17578125,0,"",0,0,0,0,0,0,
173,86.000,1000,552.305,0,4,1000.000,65535,-142.7480402,61.3854410,552.3048000,0.500,86.000,0.000,-0.500,86.000,0.000,101.000,"0x0",54804.828125,0,"",0,0,0,0,0,0,
174,86.500,1000,552.366,0,4,1000.000,65535,-142.7480299,61.3854396,552.3657000,0.500,86.500,0.000,-0.500,86.500,0.000,101.000,"0x0",54806.484375,0,"",0,0,0,0,0,0,
175,87.000,1000,552.368,0,4,1000.000,65535,-142.7480213,61.3854392,552.3683000,0.500,87.000,0.000,-0.500,87.000,0.000,101.000,"0x0",54808.13671875,0,"",0,0,0,0,0,0,
176,87.500,1000,552.463,0,4,1000.000,65535,-142.7480113,61.3854402,552.4632000,0.500,87.500,0.000,-0.500,87.500,0.000,101.000,"0x0",54809.7890625,0,"",0,0,0,0,0,0,
177,88.000,1000,552.461,0,4,1000.000,65535,-142.7479997,61.3854388,552.4609000,0.500,88.000,0.000,-0.500,88.000,0.000,101.000,"0x0",54811.44140625,0,"",0,0,0,0,0,0,
178,88.500,1000,552.437,0,4,1000.000,65535,-142.7479916,61.3854374,552.4367000,0.500,88.500,0.000,-0.500,88.500,0.000,101.000,"0x0",54813.09375,0,"",0,0,0,0,0,0,
179,89.000,1000,552.506,0,4,1000.000,65535,-142.7479820,61.3854386,552.5058000,0.500,89.000,0.000,-0.500,89.000,0.000,101.000,"0x0",54814.75,0,"",0,0,0,0,0,0,
180,89.500,1000,552.493,0,4,1000.000,65535,-142.7479723,61.3854377,552.4931000,0.500,89.500,0.000,-0.500,89.500,0.000,101.000,"0x0",54816.40234375,0,"",0,0,0,0,0,0,
181,90.000,1000,552.523,0,4,1000.000,65535,-142.7479627,61.3854370,552.5230000,0.500,90.000,0.000,-0.500,90.000,0.000,101.000,"0x0",54818.0546875,0,"",0,0,0,0,0,0,
182,90.500,1000,552.522,0,4,1000.000,65535,-142.7479530,61.3854377,552.5222000,0.500,90.500,0.000,-0.500,90.500,0.000,101.000,"0x0",54819.70703125,0,"",0,0,0,0,0,0,
183,91.000,1000,552.571,0,4,1000.000,65535,-142.7479423,61.3854360,552.5712000,0.500,91.000,0.000,-0.500,91.000,0.000,101.000,"0x0",54821.359375,0,"",0,0,0,0,0,0,
184,91.500,1000,552.568,0,4,1000.000,65535,-142.7479325,61.3854352,552.5680000,0.500,91.500,0.000,-0.500,91.500,0.000,101.000,"0x0",54823.015625,0,"",0,0,0,0,0,0,
185,92.000,1000,552.652,0,4,1000.000,65535,-142.7479206,61.3854353,552.6521000,0.500,92.000,0.000,-0.500,92.000,0.000,101.000,"0x0",54824.66796875,0,"",0,0,0,0,0,0,
186,92.500,1000,552.627,0,4,1000.000,65535,-142.7479106,61.3854360,552.6272000,0.500,92.500,0.000,-0.500,92.500,0.000,101.000,"0x0",54826.3203125,0,"",0,0,0,0,0,0,
187,93.000,1000,552.715,0,4,1000.000,65535,-142.7479020,61.3854354,552.7151000,0.500,93.000,0.000,-0.500,93.000,0.000,101.000,"0x0",54827.97265625,0,"",0,0,0,0,0,0,
188,93.500,1000,552.678,0,4,1000.000,65535,-142.7478930,61.3854362,552.6778000,0.500,93.500,0.000,-0.500,93.500,0.000,101.000,"0x0",54829.625,0,"",0,0,0,0,0,0,
189,94.000,1000,552.887,0,4,1000.000,65535,-142.7478843,61.3854354,552.8868000,0.500,94.000,0.000,-0.500,94.000,0.000,101.000,"0x0",54831.28125,0,"",0,0,0,0,0,0,
190,94.500,1000,552.972,0,4,1000.000,65535,-142.7478722,61.3854358,552.9718000,0.500,94.500,0.000,-0.500,94.500,0.000,101.000,"0x0",54832.93359375,0,"",0,0,0,0,0,0,
191,95.000,1000,552.934,0,4,1000.000,65535,-142.7478621,61.3854358,552.9340000,0.500,95.000,0.000,-0.500,95.000,0.000,101.000,"0x0",54834.5859375,0,"",0,0,0,0,0,0,
192,95.500,1000,553.024,0,4,1000.000,65535,-142.7478523,61.3854349,553.0236000,0.500,95.500,0.000,-0.500,95.500,0.000,101.000,"0x0",54836.23828125,0,"",0,0,0,0,0,0,
193,96.000,1000,553.107,0,4,1000.000,65535,-142.7478432,61.3854354,553.1074000,0.500,96.000,0.000,-0.500,96.000,0.000,101.000,"0x0",54837.890625,0,"",0,0,0,0,0,0,
194,96.500,1000,553.173,0,4,1000.000,65535,-142.7478328,61.3854343,553.1734000,0.500,96.500,0.000,-0.500,96.500,0.000,101.000,"0x0",54839.546875,0,"",0,0,0,0,0,0,
195,97.000,1000,553.217,0,4,1000.000,65535,-142.7478214,61.3854335,553.2170000,0.500,97.000,0.000,-0.500,97.000,0.000,101.000,"0x0",54841.19921875,0,"",0,0,0,0,0,0,
196,97.500,1000,553.263,0,4,1000.000,65535,-142.7478159,61.3854350,553.2627000,0.500,97.500,0.000,-0.500,97.500,0.000,101.000,"0x0",54842.8515625,0,"",0,0,0,0,0,0,
197,98.000,1000,553.338,0,4,1000.000,65535,-142.7478090,61.3854330,553.3379000,0.500,98.000,0.000,-0.500,98.000,0.000,101.000,"0x0",54844.50390625,0,"",0,0,0,0,0,0,
198,98.500,1000,553.355,0,4,1000.000,65535,-142.7478015,61.3854329,553.3553000,0.500,98.500,0.000,-0.500,98.500,0.000,101.000,"0x0",54846.15625,0,"",0,0,0,0,0,0,
199,99.000,1000,553.400,0,4,1000.000,65535,-142.7477930,61.3854335,553.3996000,0.500,99.000,0.000,-0.500,99.000,0.000,101.000,"0x0",54847.8125,0,"",0,0,0,0,0,0,
200,99.500,1000,553.455,0,4,1000.000,65535,-142.7477845,61.3854325,553.4554000,0.500,99.500,0.000,-0.500,99.500,0.000,101.000,"0x0",54849.46484375,0,"",0,0,0,0,0,0,
201,100.000,1000,553.470,0,4,1000.000,65535,-142.7477718,61.3854322,553.4701000,0.500,100.000,0.000,-0.500,100.000,0.000,101.000,"0x0",54851.1171875,0,"",0,0,0,0,0,0,
202,100.500,1000,553.496,0,4,1000.000,65535,-142.7477642,61.3854324,553.4957000,0.500,100.500,0.000,-0.500,100.500,0.000,101.000,"0x0",54852.76953125,0,"",0,0,0,0,0,0,
203,101.000,1000,553.587,0,4,1000.000,65535,-142.7477514,61.3854321,553.5867000,0.500,101.000,0.000,-0.500,101.000,0.000,101.000,"0x0",54854.421875,0,"",0,0,0,0,0,0,
204,101.500,1000,553.542,0,4,1000.000,65535,-142.7477419,61.3854315,553.5420000,0.500,101.500,0.000,-0.500,101.500,0.000,101.000,"0x0",54856.07421875,0,"",0,0,0,0,0,0,
205,102.000,1000,553.684,0,4,1000.000,65535,-142.7477298,61.3854307,553.6841000,0.500,102.000,0.000,-0.500,102.000,0.000,101.000,"0x0",54857.73046875,0,"",0,0,0,0,0,0,
206,102.500,1000,553.697,0,4,1000.000,65535,-142.7477218,61.3854324,553.6973000,0.500,102.500,0.000,-0.500,102.500,0.000,101.000,"0x0",54859.3828125,0,"",0,0,0,0,0,0,
207,103.000,1000,553.765,0,4,1000.000,65535,-142.7477124,61.3854301,553.7646000,0.500,103.000,0.000,-0.500,103.000,0.000,101.000,"0x0",54861.03515625,0,"",0,0,0,0,0,0,
208,103.500,1000,553.759,0,4,1000.000,65535,-142.7477029,61.3854297,553.7587000,0.500,103.500,0.000,-0.500,103.500,0.000,101.000,"0x0",54862.6875,0,"",0,0,0,0,0,0,
209,104.000,1000,553.743,0,4,1000.000,65535,-142.7476916,61.3854303,553.7434000,0.500,104.000,0.000,-0.500,104.000,0.000,101.000,"0x0",54864.33984375,0,"",0,0,0,0,0,0,
210,104.500,1000,553.872,0,4,1000.000,65535,-142.7476833,61.3854266,553.8725000,0.500,104.500,0.000,-0.500,104.500,0.000,101.000,"0x0",54865.99609375,0,"",0,0,0,0,0,0,
211,105.000,1000,553.893,0,4,1000.000,65535,-142.7476721,61.3854266,553.8925000,0.500,105.000,0.000,-0.500,105.000,0.000,101.000,"0x0",54867.6484375,0,"",0,0,0,0,0,0,
212,105.500,1000,553.882,0,4,1000.000,65535,-142.7476615,61.3854254,553.8816000,0.500,105.500,0.000,-0.500,105.500,0.000,101.000,"0x0",54869.30078125,0,"",0,0,0,0,0,0,
213,106.000,1000,553.906,0,4,1000.000,65535,-142.7476535,61.3854243,553.9063000,0.500,106.000,0.000,-0.500,106.000,0.000,101.000,"0x0",54870.953125,0,"",0,0,0,0,0,0,
214,106.500,1000,553.965,0,4,1000.000,65535,-142.7476439,61.3854240,553.9648000,0.500,106.500,0.000,-0.500,106.500,0.000,101.000,"0x0",54872.60546875,0,"",0,0,0,0,0,0,
215,107.000,1000,553.989,0,4,1000.000,65535,-142.7476350,61.3854228,553.9893000,0.500,107.000,0.000,-0.500,107.000,0.000,101.000,"0x0",54874.26171875,0,"",0,0,0,0,0,0,
216,107.500,1000,553.980,0,4,1000.000,65535,-142.7476259,61.3854201,553.9798000,0.500,107.500,0.000,-0.500,107.500,0.000,101.000,"0x0",54875.9140625,0,"",0,0,0,0,0,0,
217,108.000,1000,554.021,0,4,1000.000,65535,-142.7476160,61.3854203,554.0213000,0.500,108.000,0.000,-0.500,108.000,0.000,101.000,"0x0",54877.56640625,0,"",0,0,0,0,0,0,
218,108.500,1000,554.076,0,4,1000.000,65535,-142.7476080,61.3854178,554.0761000,0.500,108.500,0.000,-0.500,108.500,0.000,101.000,"0x0",54879.21875,0,"",0,0,0,0,0,0,
219,109.000,1000,554.066,0,4,1000.000,65535,-142.7475968,61.3854166,554.0664000,0.500,109.000,0.000,-0.500,109.000,0.000,101.000,"0x0",54880.87109375,0,"",0,0,0,0,0,0,
220,109.500,1000,554.080,0,4,1000.000,65535,-142.7475900,61.3854176,554.0800000,0.500,109.500,0.000,-0.500,109.500,0.000,101.000,"0x0",54882.52734375,0,"",0,0,0,0,0,0,
221,110.000,1000,554.206,0,4,1000.000,65535,-142.7475823,61.3854153,554.2059000,0.500,110.000,0.000,-0.500,110.000,0.000,101.000,"0x0",54884.1796875,0,"",0,0,0,0,0,0,
222,110.500,1000,554.224,0,4,1000.000,65535,-142.7475729,61.3854158,554.2239000,0.500,110.500,0.000,-0.500,110.500,0.000,101.000,"0x0",54885.83203125,0,"",0,0,0,0,0,0,
223,111.000,1000,554.201,0,4,1000.000,65535,-142.7475607,61.3854148,554.2013000,0.500,111.000,0.000,-0.500,111.000,0.000,101.000,"0x0",54887.484375,0,"",0,0,0,0,0,0,
224,111.500,1000,554.180,0,4,1000.000,65535,-142.7475507,61.3854132,554.1799000,0.500,111.500,0.000,-0.500,111.500,0.000,101.000,"0x0",54889.13671875,0,"",0,0,0,0,0,0,
225,112.000,1000,554.225,0,4,1000.000,65535,-142.7475429,61.3854123,554.2247000,0.500,112.000,0.000,-0.500,112.000,0.000,101.000,"0x0",54890.79296875,0,"",0,0,0,0,0,0,
226,112.500,1000,554.194,0,4,1000.000,65535,-142.7475326,61.3854123,554.1937000,0.500,112.500,0.000,-0.500,112.500,0.000,101.000,"0x0",54892.4453125,0,"",0,0,0,0,0,0,
227,113.000,1000,554.226,0,4,1000.000,65535,-142.7475252,61.3854087,554.2259000,0.500,113.000,0.000,-0.500,113.000,0.000,101.000,"0x0",54894.09765625,0,"",0,0,0,0,0,0,
228,113.500,1000,554.176,0,4,1000.000,65535,-142.7475164,61.3854101,554.1764000,0.500,113.500,0.000,-0.500,113.500,0.000,101.000,"0x0",54895.75,0,"",0,0,0,0,0,0,
229,114.000,1000,554.163,0,4,1000.000,65535,-142.7475062,61.3854094,554.1634000,0.500,114.000,0.000,-0.500,114.000,0.000,101.000,"0x0",54897.40234375,0,"",0,0,0,0,0,0,
230,114.500,1000,554.152,0,4,1000.000,65535,-142.7474981,61.3854080,554.1522000,0.500,114.500,0.000,-0.500,114.500,0.000,101.000,"0x0",54899.05859375,0,"",0,0,0,0,0,0,
231,115.000,1000,554.070,0,4,1000.000,65535,-142.7474911,61.3854070,554.0700000,0.500,115.000,0.000,-0.500,115.000,0.000,101.000,"0x0",54900.7109375,0,"",0,0,0,0,0,0,
232,115.500,1000,554.099,0,4,1000.000,65535,-142.7474817,61.3854070,554.0986000,0.500,115.500,0.000,-0.500,115.500,0.000,101.000,"0x0",54902.36328125,0,"",0,0,0,0,0,0,
233,116.000,1000,554.029,0,4,1000.000,65535,-142.7474734,61.3854078,554.0295000,0.500,116.000,0.000,-0.500,116.000,0.000,101.000,"0x0",54904.015625,0,"",0,0,0,0,0,0,
234,116.500,1000,554.023,0,4,1000.000,65535,-142.7474641,61.3854049,554.0234000,0.500,116.500,0.000,-0.500,116.500,0.000,101.000,"0x0",54905.66796875,0,"",0,0,0,0,0,0,
235,117.000,1000,554.030,0,4,1000.000,65535,-142.7474518,61.3854034,554.0296000,0.500,117.000,0.000,-0.500,117.000,0.000,101.000,"0x0",54907.32421875,0,"",0,0,0,0,0,0,
236,117.500,1000,554.031,0,4,1000.000,65535,-142.7474383,61.3854040,554.0315000,0.500,117.500,0.000,-0.500,117.500,0.000,101.000,"0x0",54908.9765625,0,"",0,0,0,0,0,0,
237,118.000,1000,553.997,0,4,1000.000,65535,-142.7474291,61.3854029,553.9972000,0.500,118.000,0.000,-0.500,118.000,0.000,101.000,"0x0",54910.62890625,0,"",0,0,0,0,0,0,
238,118.500,1000,553.919,0,4,1000.000,65535,-142.7474199,61.3854010,553.9194000,0.500,118.500,0.000,-0.500,118.500,0.000,101.000,"0x0",54912.28125,0,"",0,0,0,0,0,0,
239,119.000,1000,553.900,0,4,1000.000,65535,-142.7474096,61.3854015,553.8997000,0.500,119.000,0.000,-0.500,119.000,0.000,101.000,"0x0",54913.93359375,0,"",0,0,0,0,0,0,
240,119.500,1000,553.898,0,4,1000.000,65535,-142.7473933,61.3854004,553.8975000,0.500,119.500,0.000,-0.500,119.500,0.000,101.000,"0x0",54915.58984375,0,"",0,0,0,0,0,0,
241,120.000,1000,553.875,0,4,1000.000,65535,-142.7473823,61.3853984,553.8749000,0.500,120.000,0.000,-0.500,120.000,0.000,101.000,"0x0",54917.2421875,0,"",0,0,0,0,0,0,
242,120.500,1000,553.895,0,4,1000.000,65535,-142.7473715,61.3853987,553.8949000,0.500,120.500,0.000,-0.500,120.500,0.000,101.000,"0x0",54918.89453125,0,"",0,0,0,0,0,0,
243,121.000,1000,554.063,0,4,1000.000,65535,-142.7473665,61.3853974,554.0634000,0.500,121.000,0.000,-0.500,121.000,0.000,101.000,"0x0",54920.546875,0,"",0,0,0,0,0,0,
244,121.500,1000,554.167,0,4,1000.000,65535,-142.7473581,61.3853960,554.1668000,0.500,121.500,0.000,-0.500,121.500,0.000,101.000,"0x0",54922.19921875,0,"",0,0,0,0,0,0,
245,122.000,1000,554.173,0,4,1000.000,65535,-142.7473490,61.3853961,554.1734000,0.500,122.000,0.000,-0.500,122.000,0.000,101.000,"0x0",54923.85546875,0,"",0,0,0,0,0,0,
246,122.500,1000,554.132,0,4,1000.000,65535,-142.7473386,61.3853948,554.1317000,0.500,122.500,0.000,-0.500,122.500,0.000,101.000,"0x0",54925.5078125,0,"",0,0,0,0,0,0,
247,123.000,1000,554.073,0,4,1000.000,65535,-142.7473305,61.3853916,554.0725000,0.500,123.000,0.000,-0.500,123.000,0.000,101.000,"0x0",54927.16015625,0,"",0,0,0,0,0,0,
248,123.500,1000,554.073,0,4,1000.000,65535,-142.7473186,61.3853913,554.0728000,0.500,123.500,0.000,-0.500,123.500,0.000,101.000,"0x0",54928.8125,0,"",0,0,0,0,0,0,
249,124.000,1000,554.062,0,4,1000.000,65535,-142.7473092,61.3853888,554.0624000,0.500,124.000,0.000,-0.500,124.000,0.000,101.000,"0x0",54930.46484375,0,"",0,0,0,0,0,0,
250,124.500,1000,554.124,0,4,1000.000,65535,-142.7473032,61.3853875,554.1244000,0.500,124.500,0.000,-0.500,124.500,0.000,101.000,"0x0",54932.12109375,0,"",0,0,0,0,0,0,
251,125.000,1000,554.177,0,4,1000.000,65535,-142.7472900,61.3853867,554.1775000,0.500,125.000,0.000,-0.500,125.000,0.000,101.000,"0x0",54933.7734375,0,"",0,0,0,0,0,0,
252,125.500,1000,554.120,0,4,1000.000,65535,-142.7472804,61.3853852,554.1204000,0.500,125.500,0.000,-0.500,125.500,0.000,101.000,"0x0",54935.42578125,0,"",0,0,0,0,0,0,
253,126.000,1000,554.059,0,4,1000.000,65535,-142.7472711,61.3853845,554.0587000,0.500,126.000,0.000,-0.500,126.000,0.000,101.000,"0x0",54937.078125,0,"",0,0,0,0,0,0,
254,126.500,1000,554.017,0,4,1000.000,65535,-142.7472620,61.3853837,554.0170000,0.500,126.500,0.000,-0.500,126.500,0.000,101.000,"0x0",54938.73046875,0,"",0,0,0,0,0,0,
255,127.000,1000,554.005,0,4,1000.000,65535,-142.7472512,61.3853823,554.0054000,0.500,127.000,0.000,-0.500,127.000,0.000,101.000,"0x0",54940.38671875,0,"",0,0,0,0,0,0,
256,127.500,1000,553.980,0,4,1000.000,65535,-142.7472409,61.3853813,553.9803000,0.500,127.500,0.000,-0.500,127.500,0.000,101.000,"0x0",54942.0390625,0,"",0,0,0,0,0,0,
257,128.000,1000,553.960,0,4,1000.000,65535,-142.7472317,61.3853802,553.9601000,0.500,128.000,0.000,-0.500,128.000,0.000,101.000,"0x0",54943.69140625,0,"",0,0,0,0,0,0,
258,128.500,1000,553.937,0,4,1000.000,65535,-142.7472237,61.3853789,553.9370000,0.500,128.500,0.000,-0.500,128.500,0.000,101.000,"0x0",54945.34375,0,"",0,0,0,0,0,0,
259,129.000,1000,553.984,0,4,1000.000,65535,-142.7472154,61.3853775,553.9842000,0.500,129.000,0.000,-0.500,129.000,0.000,101.000,"0x0",54946.99609375,0,"",0,0,0,0,0,0,
260,129.500,1000,554.018,0,4,1000.000,65535,-142.7472103,61.3853759,554.0178000,0.500,129.500,0.000,-0.500,129.500,0.000,101.000,"0x0",54948.65234375,0,"",0,0,0,0,0,0,
261,130.000,1000,554.027,0,4,1000.000,65535,-142.7472018,61.3853747,554.0270000,0.500,130.000,0.000,-0.500,130.000,0.000,101.000,"0x0",54950.3046875,0,"",0,0,0,0,0,0,
262,130.500,1000,553.977,0,4,1000.000,65535,-142.7471948,61.3853735,553.9768000,0.500,130.500,0.000,-0.500,130.500,0.000,101.000,"0x0",54951.95703125,0,"",0,0,0,0,0,0,
263,131.000,1000,553.989,0,4,1000.000,65535,-142.7471826,61.3853729,553.9890000,0.500,131.000,0.000,-0.500,131.000,0.000,101.000,"0x0",54953.609375,0,"",0,0,0,0,0,0,
264,131.500,1000,553.961,0,4,1000.000,65535,-142.7471727,61.3853720,553.9615000,0.500,131.500,0.000,-0.500,131.500,0.000,101.000,"0x0",54955.26171875,0,"",0,0,0,0,0,0,
265,132.000,1000,553.976,0,4,1000.000,65535,-142.7471598,61.3853712,553.9762000,0.500,132.000,0.000,-0.500,132.000,0.000,101.000,"0x0",54956.91796875,0,"",0,0,0,0,0,0,
266,132.500,1000,553.960,0,4,1000.000,65535,-142.7471496,61.3853712,553.9604000,0.500,132.500,0.000,-0.500,132.500,0.000,101.000,"0x0",54958.5703125,0,"",0,0,0,0,0,0,
267,133.000,1000,553.989,0,4,1000.000,65535,-142.7471379,61.3853699,553.9888000,0.500,133.000,0.000,-0.500,133.000,0.000,101.000,"0x0",54960.22265625,0,"",0,0,0,0,0,0,
268,133.500,1000,554.074,0,4,1000.000,65535,-142.7471277,61.3853678,554.0742000,0.500,133.500,0.000,-0.500,133.500,0.000,101.000,"0x0",54961.875,0,"",0,0,0,0,0,0,
269,134.000,1000,554.031,0,4,1000.000,65535,-142.7471164,61.3853668,554.0306000,0.500,134.000,0.000,-0.500,134.000,0.000,101.000,"0x0",54963.52734375,0,"",0,0,0,0,0,0,
270,134.500,1000,554.082,0,4,1000.000,65535,-142.7471042,61.3853654,554.0817000,0.500,134.500,0.000,-0.500,134.500,0.000,101.000,"0x0",54965.1796875,0,"",0,0,0,0,0,0,
271,135.000,1000,554.060,0,4,1000.000,65535,-142.7470934,61.3853648,554.0601000,0.500,135.000,0.000,-0.500,135.000,0.000,101.000,"0x0",54966.8359375,0,"",0,0,0,0,0,0,
272,135.500,1000,554.101,0,4,1000.000,65535,-142.7470817,61.3853633,554.1013000,0.500,135.500,0.000,-0.500,135.500,0.000,101.000,"0x0",54968.48828125,0,"",0,0,0,0,0,0,
273,136.000,1000,554.052,0,4,1000.000,65535,-142.7470736,61.3853620,554.0520000,0.500,136.000,0.000,-0.500,136.000,0.000,101.000,"0x0",54970.140625,0,"",0,0,0,0,0,0,
274,136.500,1000,554.006,0,4,1000.000,65535,-142.7470638,61.3853603,554.0061000,0.500,136.500,0.000,-0.500,136.500,0.000,101.000,"0x0",54971.79296875,0,"",0,0,0,0,0,0,
275,137.000,1000,553.982,0,4,1000.000,65535,-142.7470499,61.3853582,553.9817000,0.500,137.000,0.000,-0.500,137.000,0.000,101.000,"0x0",54973.4453125,0,"",0,0,0,0,0,0,
276,137.500,1000,553.972,0,4,1000.000,65535,-142.7470371,61.3853588,553.9721000,0.500,137.500,0.000,-0.500,137.500,0.000,101.000,"0x0",54975.1015625,0,"",0,0,0,0,0,0,
277,138.000,1000,553.988,0,4,1000.000,65535,-142.7470255,61.3853587,553.9878000,0.500,138.000,0.000,-0.500,138.000,0.000,101.000,"0x0",54976.75390625,0,"",0,0,0,0,0,0,
278,138.500,1000,554.022,0,4,1000.000,65535,-142.7470153,61.3853568,554.0220000,0.500,138.500,0.000,-0.500,138.500,0.000,101.000,"0x0",54978.40625,0,"",0,0,0,0,0,0,
279,139.000,1000,554.069,0,4,1000.000,65535,-142.7470028,61.3853569,554.0686000,0.500,139.000,0.000,-0.500,139.000,0.000,101.000,"0x0",54980.05859375,0,"",0,0,0,0,0,0,
280,139.500,1000,554.050,0,4,1000.000,65535,-142.7469957,61.3853595,554.0502000,0.500,139.500,0.000,-0.500,139.500,0.000,101.000,"0x0",54981.7109375,0,"",0,0,0,0,0,0,
281,140.000,1000,554.112,0,4,1000.000,65535,-142.7469846,61.3853594,554.1118000,0.500,140.000,0.000,-0.500,140.000,0.000,101.000,"0x0",54983.3671875,0,"",0,0,0,0,0,0,
282,140.500,1000,554.161,0,4,1000.000,65535,-142.7469729,61.3853587,554.1614000,0.500,140.500,0.000,-0.500,140.500,0.000,101.000,"0x0",54985.01953125,0,"",0,0,0,0,0,0,
283,141.000,1000,554.186,0,4,1000.000,65535,-142.7469621,61.3853594,554.1858000,0.500,141.000,0.000,-0.500,141.000,0.000,101.000,"0x0",54986.671875,0,"",0,0,0,0,0,0,
284,141.500,1000,554.180,0,4,1000.000,65535,-142.7469521,61.3853609,554.1798000,0.500,141.500,0.000,-0.500,141.500,0.000,101.000,"0x0",54988.32421875,0,"",0,0,0,0,0,0,
285,142.000,1000,554.386,0,4,1000.000,65535,-142.7469431,61.3853602,554.3864000,0.500,142.000,0.000,-0.500,142.000,0.000,101.000,"0x0",54989.9765625,0,"",0,0,0,0,0,0,
286,142.500,1000,554.379,0,4,1000.000,65535,-142.7469313,61.3853613,554.3786000,0.500,142.500,0.000,-0.500,142.500,0.000,101.000,"0x0",54991.6328125,0,"",0,0,0,0,0,0,
287,143.000,1000,554.429,0,4,1000.000,65535,-142.7469216,61.3853624,554.4291000,0.500,143.000,0.000,-0.500,143.000,0.000,101.000,"0x0",54993.28515625,0,"",0,0,0,0,0,0,
288,143.500,1000,554.454,0,4,1000.000,65535,-142.7469090,61.3853628,554.4544000,0.500,143.500,0.000,-0.500,143.500,0.000,101.000,"0x0",54994.9375,0,"",0,0,0,0,0,0,
289,144.000,1000,554.421,0,4,1000.000,65535,-142.7468967,61.3853626,554.4214000,0.500,144.000,0.000,-0.500,144.000,0.000,101.000,"0x0",54996.58984375,0,"",0,0,0,0,0,0,
290,144.500,1000,554.452,0,4,1000.000,65535,-142.7468886,61.3853651,554.4524000,0.500,144.500,0.000,-0.500,144.500,0.000,101.000,"0x0",54998.2421875,0,"",0,0,0,0,0,0,
291,145.000,1000,554.494,0,4,1000.000,65535,-142.7468771,61.3853660,554.4938000,0.500,145.000,0.000,-0.500,145.000,0.000,101.000,"0x0",54999.8984375,0,"",0,0,0,0,0,0,
292,145.500,1000,554.503,0,4,1000.000,65535,-142.7468684,61.3853642,554.5026000,0.500,145.500,0.000,-0.500,145.500,0.000,101.000,"0x0",55001.55078125,0,"",0,0,0,0,0,0,
293,146.000,1000,554.576,0,4,1000.000,65535,-142.7468560,61.3853659,554.5755000,0.500,146.000,0.000,-0.500,146.000,0.000,101.000,"0x0",55003.203125,0,"",0,0,0,0,0,0,
294,146.500,1000,554.506,0,4,1000.000,65535,-142.7468453,61.3853659,554.5056000,0.500,146.500,0.000,-0.500,146.500,0.000,101.000,"0x0",55004.85546875,0,"",0,0,0,0,0,0,
295,147.000,1000,554.553,0,4,1000.000,65535,-142.7468345,61.3853653,554.5530000,0.500,147.000,0.000,-0.500,147.000,0.000,101.000,"0x0",55006.5078125,0,"",0,0,0,0,0,0,
296,147.500,1000,554.641,0,4,1000.000,65535,-142.7468232,61.3853672,554.6406000,0.500,147.500,0.000,-0.500,147.500,0.000,101.000,"0x0",55008.1640625,0,"",0,0,0,0,0,0,
297,148.000,1000,554.672,0,4,1000.000,65535,-142.7468139,61.3853676,554.6723000,0.500,148.000,0.000,-0.500,148.000,0.000,101.000,"0x0",55009.81640625,0,"",0,0,0,0,0,0,
298,148.500,1000,554.586,0,4,1000.000,65535,-142.7468050,61.3853672,554.5857000,0.500,148.500,0.000,-0.500,148.500,0.000,101.000,"0x0",55011.46875,0,"",0,0,0,0,0,0,
299,149.000,1000,554.580,0,4,1000.000,65535,-142.7467964,61.3853683,554.5802000,0.500,149.000,0.000,-0.500,149.000,0.000,101.000,"0x0",55013.12109375,0,"",0,0,0,0,0,0,
300,149.500,1000,554.729,0,4,1000.000,65535,-142.7467867,61.3853667,554.7289000,0.500,149.500,0.000,-0.500,149.500,0.000,101.000,"0x0",55014.7734375,0,"",0,0,0,0,0,0,
301,150.000,1000,554.690,0,4,1000.000,65535,-142.7467750,61.3853673,554.6902000,0.500,150.000,0.000,-0.500,150.000,0.000,101.000,"0x0",55016.4296875,0,"",0,0,0,0,0,0,
302,150.500,1000,554.681,0,4,1000.000,65535,-142.7467645,61.3853687,554.6806000,0.500,150.500,0.000,-0.500,150.500,0.000,101.000,"0x0",55018.08203125,0,"",0,0,0,0,0,0,
303,151.000,1000,554.738,0,4,1000.000,65535,-142.7467563,61.3853682,554.7383000,0.500,151.000,0.000,-0.500,151.000,0.000,101.000,"0x0",55019.734375,0,"",0,0,0,0,0,0,
304,151.500,1000,554.797,0,4,1000.000,65535,-142.7467456,61.3853703,554.7969000,0.500,151.500,0.000,-0.500,151.500,0.000,101.000,"0x0",55021.38671875,0,"",0,0,0,0,0,0,
305,152.000,1000,554.787,0,4,1000.000,65535,-142.7467374,61.3853704,554.7872000,0.500,152.000,0.000,-0.500,152.000,0.000,101.000,"0x0",55023.0390625,0,"",0,0,0,0,0,0,
306,152.500,1000,554.805,0,4,1000.000,65535,-142.7467283,61.3853721,554.8053000,0.500,152.500,0.000,-0.500,152.500,0.000,101.000,"0x0",55024.6953125,0,"",0,0,0,0,0,0,
307,153.000,1000,554.823,0,4,1000.000,65535,-142.7467209,61.3853718,554.8233000,0.500,153.000,0.000,-0.500,153.000,0.000,101.000,"0x0",55026.34765625,0,"",0,0,0,0,0,0,
308,153.500,1000,554.857,0,4,1000.000,65535,-142.7467132,61.3853728,554.8573000,0.500,153.500,0.000,-0.500,153.500,0.000,101.000,"0x0",55028,0,"",0,0,0,0,0,0,
309,154.000,1000,554.839,0,4,1000.000,65535,-142.7467071,61.3853750,554.8387000,0.500,154.000,0.000,-0.500,154.000,0.000,101.000,"0x0",55029.65234375,0,"",0,0,0,0,0,0,
310,154.500,1000,554.869,0,4,1000.000,65535,-142.7466950,61.3853752,554.8688000,0.500,154.500,0.000,-0.500,154.500,0.000,101.000,"0x0",55031.3046875,0,"",0,0,0,0,0,0,
311,155.000,1000,554.781,0,4,1000.000,65535,-142.7466862,61.3853762,554.7806000,0.500,155.000,0.000,-0.500,155.000,0.000,101.000,"0x0",55032.9609375,0,"",0,0,0,0,0,0,
312,155.500,1000,554.854,0,4,1000.000,65535,-142.7466779,61.3853783,554.8539000,0.500,155.500,0.000,-0.500,155.500,0.000,101.000,"0x0",55034.61328125,0,"",0,0,0,0,0,0,
313,156.000,1000,554.864,0,4,1000.000,65535,-142.7466653,61.3853789,554.8643000,0.500,156.000,0.000,-0.500,156.000,0.000,101.000,"0x0",55036.265625,0,"",0,0,0,0,0,0,
314,156.500,1000,554.814,0,4,1000.000,65535,-142.7466567,61.3853792,554.8143000,0.500,156.500,0.000,-0.500,156.500,0.000,101.000,"0x0",55037.91796875,0,"",0,0,0,0,0,0,
315,157.000,1000,554.897,0,4,1000.000,65535,-142.7466504,61.3853815,554.8972000,0.500,157.000,0.000,-0.500,157.000,0.000,101.000,"0x0",55039.5703125,0,"",0,0,0,0,0,0,
316,157.500,1000,554.924,0,4,1000.000,65535,-142.7466400,61.3853817,554.9241000,0.500,157.500,0.000,-0.500,157.500,0.000,101.000,"0x0",55041.2265625,0,"",0,0,0,0,0,0,
317,158.000,1000,554.960,0,4,1000.000,65535,-142.7466277,61.3853823,554.9602000,0.500,158.000,0.000,-0.500,158.000,0.000,101.000,"0x0",55042.87890625,0,"",0,0,0,0,0,0,
318,158.500,1000,555.006,0,4,1000.000,65535,-142.7466200,61.3853848,555.0061000,0.500,158.500,0.000,-0.500,158.500,0.000,101.000,"0x0",55044.53125,0,"",0,0,0,0,0,0,
319,159.000,1000,555.032,0,4,1000.000,65535,-142.7466111,61.3853839,555.0318000,0.500,159.000,0.000,-0.500,159.000,0.000,101.000,"0x0",55046.18359375,0,"",0,0,0,0,0,0,
320,159.500,1000,555.023,0,4,1000.000,65535,-142.7466010,61.3853858,555.0235000,0.500,159.500,0.000,-0.500,159.500,0.000,101.000,"0x0",55047.8359375,0,"",0,0,0,0,0,0,
321,160.000,1000,555.014,0,4,1000.000,65535,-142.7465917,61.3853878,555.0140000,0.500,160.000,0.000,-0.500,160.000,0.000,101.000,"0x0",55049.4921875,0,"",0,0,0,0,0,0,
322,160.500,1000,555.126,0,4,1000.000,65535,-142.7465822,61.3853871,555.1261000,0.500,160.500,0.000,-0.500,160.500,0.000,101.000,"0x0",55051.14453125,0,"",0,0,0,0,0,0,
323,161.000,1000,555.179,0,4,1000.000,65535,-142.7465739,61.3853892,555.1786000,0.500,161.000,0.000,-0.500,161.000,0.000,101.000,"0x0",55052.796875,0,"",0,0,0,0,0,0,
324,161.500,1000,555.220,0,4,1000.000,65535,-142.7465638,61.3853909,555.2196000,0.500,161.500,0.000,-0.500,161.500,0.000,101.000,"0x0",55054.44921875,0,"",0,0,0,0,0,0,
325,162.000,1000,555.235,0,4,1000.000,65535,-142.7465539,61.3853899,555.2346000,0.500,162.000,0.000,-0.500,162.000,0.000,101.000,"0x0",55056.1015625,0,"",0,0,0,0,0,0,
326,162.500,1000,555.218,0,4,1000.000,65535,-142.7465475,61.3853930,555.2181000,0.500,162.500,0.000,-0.500,162.500,0.000,101.000,"0x0",55057.7578125,0,"",0,0,0,0,0,0,
327,163.000,1000,555.301,0,4,1000.000,65535,-142.7465371,61.3853930,555.3008000,0.500,163.000,0.000,-0.500,163.000,0.000,101.000,"0x0",55059.41015625,0,"",0,0,0,0,0,0,
328,163.500,1000,555.280,0,4,1000.000,65535,-142.7465294,61.3853955,555.2798000,0.500,163.500,0.000,-0.500,163.500,0.000,101.000,"0x0",55061.0625,0,"",0,0,0,0,0,0,
329,164.000,1000,555.312,0,4,1000.000,65535,-142.7465175,61.3853964,555.3123000,0.500,164.000,0.000,-0.500,164.000,0.000,101.000,"0x0",55062.71484375,0,"",0,0,0,0,0,0,
330,164.500,1000,555.297,0,4,1000.000,65535,-142.7465102,61.3853969,555.2971000,0.500,164.500,0.000,-0.500,164.500,0.000,101.000,"0x0",55064.3671875,0,"",0,0,0,0,0,0,
331,165.000,1000,555.478,0,4,1000.000,65535,-142.7465016,61.3854001,555.4781000,0.500,165.000,0.000,-0.500,165.000,0.000,101.000,"0x0",55066.0234375,0,"",0,0,0,0,0,0,
332,165.500,1000,555.481,0,4,1000.000,65535,-142.7464925,61.3853993,555.4805000,0.500,165.500,0.000,-0.500,165.500,0.000,101.000,"0x0",55067.67578125,0,"",0,0,0,0,0,0,
333,166.000,1000,555.534,0,4,1000.000,65535,-142.7464820,61.3854011,555.5338000,0.500,166.000,0.000,-0.500,166.000,0.000,101.000,"0x0",55069.328125,0,"",0,0,0,0,0,0,
334,166.500,1000,555.524,0,4,1000.000,65535,-142.7464747,61.3854029,555.5244000,0.500,166.500,0.000,-0.500,166.500,0.000,101.000,"0x0",55070.98046875,0,"",0,0,0,0,0,0,
335,167.000,1000,555.595,0,4,1000.000,65535,-142.7464664,61.3854037,555.5947000,0.500,167.000,0.000,-0.500,167.000,0.000,101.000,"0x0",55072.6328125,0,"",0,0,0,0,0,0,
336,167.500,1000,555.670,0,4,1000.000,65535,-142.7464600,61.3854059,555.6698000,0.500,167.500,0.000,-0.500,167.500,0.000,101.000,"0x0",55074.28515625,0,"",0,0,0,0,0,0,
337,168.000,1000,555.712,0,4,1000.000,65535,-142.7464498,61.3854074,555.7120000,0.500,168.000,0.000,-0.500,168.000,0.000,101.000,"0x0",55075.94140625,0,"",0,0,0,0,0,0,
338,168.500,1000,555.702,0,4,1000.000,65535,-142.7464396,61.3854086,555.7021000,0.500,168.500,0.000,-0.500,168.500,0.000,101.000,"0x0",55077.59375,0,"",0,0,0,0,0,0,
339,169.000,1000,555.788,0,4,1000.000,65535,-142.7464336,61.3854115,555.7882000,0.500,169.000,0.000,-0.500,169.000,0.000,101.000,"0x0",55079.24609375,0,"",0,0,0,0,0,0,
340,169.500,1000,555.888,0,4,1000.000,65535,-142.7464219,61.3854107,555.8883000,0.500,169.500,0.000,-0.500,169.500,0.000,101.000,"0x0",55080.8984375,0,"",0,0,0,0,0,0,
341,170.000,1000,555.847,0,4,1000.000,65535,-142.7464142,61.3854120,555.8475000,0.500,170.000,0.000,-0.500,170.000,0.000,101.000,"0x0",55082.5546875,0,"",0,0,0,0,0,0,
342,170.500,1000,555.931,0,4,1000.000,65535,-142.7464048,61.3854139,555.9307000,0.500,170.500,0.000,-0.500,170.500,0.000,101.000,"0x0",55084.20703125,0,"",0,0,0,0,0,0,
343,171.000,1000,555.924,0,4,1000.000,65535,-142.7463971,61.3854142,555.9238000,0.500,171.000,0.000,-0.500,171.000,0.000,101.000,"0x0",55085.859375,0,"",0,0,0,0,0,0,
344,171.500,1000,555.972,0,4,1000.000,65535,-142.7463909,61.3854172,555.9719000,0.500,171.500,0.000,-0.500,171.500,0.000,101.000,"0x0",55087.51171875,0,"",0,0,0,0,0,0,
345,172.000,1000,556.102,0,4,1000.000,65535,-142.7463815,61.3854163,556.1016000,0.500,172.000,0.000,-0.500,172.000,0.000,101.000,"0x0",55089.1640625,0,"",0,0,0,0,0,0,
346,172.500,1000,556.107,0,4,1000.000,65535,-142.7463734,61.3854175,556.1071000,0.500,172.500,0.000,-0.500,172.500,0.000,101.000,"0x0",55090.8203125,0,"",0,0,0,0,0,0,
347,173.000,1000,556.153,0,4,1000.000,65535,-142.7463664,61.3854188,556.1534000,0.500,173.000,0.000,-0.500,173.000,0.000,101.000,"0x0",55092.47265625,0,"",0,0,0,0,0,0,
348,173.500,1000,556.073,0,4,1000.000,65535,-142.7463581,61.3854199,556.0729000,0.500,173.500,0.000,-0.500,173.500,0.000,101.000,"0x0",55094.125,0,"",0,0,0,0,0,0,
349,174.000,1000,556.188,0,4,1000.000,65535,-142.7463495,61.3854214,556.1880000,0.500,174.000,0.000,-0.500,174.000,0.000,101.000,"0x0",55095.77734375,0,"",0,0,0,0,0,0,
350,174.500,1000,556.236,0,4,1000.000,65535,-142.7463436,61.3854206,556.2364000,0.500,174.500,0.000,-0.500,174.500,0.000,101.000,"0x0",55097.4296875,0,"",0,0,0,0,0,0,
351,175.000,1000,556.310,0,4,1000.000,65535,-142.7463357,61.3854227,556.3097000,0.500,175.000,0.000,-0.500,175.000,0.000,101.000,"0x0",55099.08203125,0,"",0,0,0,0,0,0,
352,175.500,1000,556.325,0,4,1000.000,65535,-142.7463287,61.3854245,556.3247000,0.500,175.500,0.000,-0.500,175.500,0.000,101.000,"0x0",55100.73828125,0,"",0,0,0,0,0,0,
353,176.000,1000,556.375,0,4,1000.000,65535,-142.7463171,61.3854254,556.3749000,0.500,176.000,0.000,-0.500,176.000,0.000,101.000,"0x0",55102.390625,0,"",0,0,0,0,0,0,
354,176.500,1000,556.434,0,4,1000.000,65535,-142.7463120,61.3854274,556.4344000,0.500,176.500,0.000,-0.500,176.500,0.000,101.000,"0x0",55104.04296875,0,"",0,0,0,0,0,0,
355,177.000,1000,556.479,0,4,1000.000,65535,-142.7463038,61.3854262,556.4789000,0.500,177.000,0.000,-0.500,177.000,0.000,101.000,"0x0",55105.6953125,0,"",0,0,0,0,0,0,
356,177.500,1000,556.505,0,4,1000.000,65535,-142.7462980,61.3854287,556.5047000,0.500,177.500,0.000,-0.500,177.500,0.000,101.000,"0x0",55107.34765625,0,"",0,0,0,0,0,0,
357,178.000,1000,556.540,0,4,1000.000,65535,-142.7462897,61.3854279,556.5398000,0.500,178.000,0.000,-0.500,178.000,0.000,101.000,"0x0",55109.00390625,0,"",0,0,0,0,0,0,
358,178.500,1000,556.592,0,4,1000.000,65535,-142.7462833,61.3854304,556.5923000,0.500,178.500,0.000,-0.500,178.500,0.000,101.000,"0x0",55110.65625,0,"",0,0,0,0,0,0,
359,179.000,1000,556.705,0,4,1000.000,65535,-142.7462736,61.3854309,556.7048000,0.500,179.000,0.000,-0.500,179.000,0.000,101.000,"0x0",55112.30859375,0,"",0,0,0,0,0,0,
360,179.500,1000,556.705,0,4,1000.000,65535,-142.7462631,61.3854321,556.7049000,0.500,179.500,0.000,-0.500,179.500,0.000,101.000,"0x0",55113.9609375,0,"",0,0,0,0,0,0,
361,180.000,1000,556.686,0,4,1000.000,65535,-142.7462562,61.3854343,556.6863000,0.500,180.000,0.000,-0.500,180.000,0.000,101.000,"0x0",55115.6171875,0,"",0,0,0,0,0,0,
362,180.500,1000,556.751,0,4,1000.000,65535,-142.7462483,61.3854341,556.7513000,0.500,180.500,0.000,-0.500,180.500,0.000,101.000,"0x0",55117.26953125,0,"",0,0,0,0,0,0,
363,181.000,1000,556.821,0,4,1000.000,65535,-142.7462413,61.3854366,556.8210000,0.500,181.000,0.000,-0.500,181.000,0.000,101.000,"0x0",55118.921875,0,"",0,0,0,0,0,0,
364,181.500,1000,556.883,0,4,1000.000,65535,-142.7462332,61.3854362,556.8830000,0.500,181.500,0.000,-0.500,181.500,0.000,101.000,"0x0",55120.57421875,0,"",0,0,0,0,0,0,
365,182.000,1000,556.930,0,4,1000.000,65535,-142.7462275,61.3854385,556.9299000,0.500,182.000,0.000,-0.500,182.000,0.000,101.000,"0x0",55122.2265625,0,"",0,0,0,0,0,0,
366,182.500,1000,557.013,0,4,1000.000,65535,-142.7462151,61.3854384,557.0133000,0.500,182.500,0.000,-0.500,182.500,0.000,101.000,"0x0",55123.8828125,0,"",0,0,0,0,0,0,
367,183.000,1000,557.055,0,4,1000.000,65535,-142.7462077,61.3854403,557.0554000,0.500,183.000,0.000,-0.500,183.000,0.000,101.000,"0x0",55125.53515625,0,"",0,0,0,0,0,0,
368,183.500,1000,557.072,0,4,1000.000,65535,-142.7462003,61.3854396,557.0720000,0.500,183.500,0.000,-0.500,183.500,0.000,101.000,"0x0",55127.1875,0,"",0,0,0,0,0,0,
369,184.000,1000,557.187,0,4,1000.000,65535,-142.7461930,61.3854427,557.1873000,0.500,184.000,0.000,-0.500,184.000,0.000,101.000,"0x0",55128.83984375,0,"",0,0,0,0,0,0,
370,184.500,1000,557.217,0,4,1000.000,65535,-142.7461837,61.3854424,557.2173000,0.500,184.500,0.000,-0.500,184.500,0.000,101.000,"0x0",55130.4921875,0,"",0,0,0,0,0,0,
371,185.000,1000,557.316,0,4,1000.000,65535,-142.7461758,61.3854442,557.3156000,0.500,185.000,0.000,-0.500,185.000,0.000,101.000,"0x0",55132.1484375,0,"",0,0,0,0,0,0,
372,185.500,1000,557.368,0,4,1000.000,65535,-142.7461690,61.3854438,557.3676000,0.500,185.500,0.000,-0.500,185.500,0.000,101.000,"0x0",55133.80078125,0,"",0,0,0,0,0,0,
373,186.000,1000,557.439,0,4,1000.000,65535,-142.7461622,61.3854470,557.4393000,0.500,186.000,0.000,-0.500,186.000,0.000,101.000,"0x0",55135.453125,0,"",0,0,0,0,0,0,
374,186.500,1000,557.517,0,4,1000.000,65535,-142.7461555,61.3854469,557.5169000,0.500,186.500,0.000,-0.500,186.500,0.000,101.000,"0x0",55137.10546875,0,"",0,0,0,0,0,0,
375,187.000,1000,557.589,0,4,1000.000,65535,-142.7461477,61.3854483,557.5892000,0.500,187.000,0.000,-0.500,187.000,0.000,101.000,"0x0",55138.7578125,0,"",0,0,0,0,0,0,
376,187.500,1000,557.569,0,4,1000.000,65535,-142.7461393,61.3854477,557.5692000,0.500,187.500,0.000,-0.500,187.500,0.000,101.000,"0x0",55140.4140625,0,"",0,0,0,0,0,0,
377,188.000,1000,557.663,0,4,1000.000,65535,-142.7461330,61.3854501,557.6633000,0.500,188.000,0.000,-0.500,188.000,0.000,101.000,"0x0",55142.06640625,0,"",0,0,0,0,0,0,
378,188.500,1000,557.734,0,4,1000.000,65535,-142.7461249,61.3854495,557.7343000,0.500,188.500,0.000,-0.500,188.500,0.000,101.000,"0x0",55143.71875,0,"",0,0,0,0,0,0,
379,189.000,1000,557.830,0,4,1000.000,65535,-142.7461160,61.3854515,557.8299000,0.500,189.000,0.000,-0.500,189.000,0.000,101.000,"0x0",55145.37109375,0,"",0,0,0,0,0,0,
380,189.500,1000,557.857,0,4,1000.000,65535,-142.7461087,61.3854506,557.8568000,0.500,189.500,0.000,-0.500,189.500,0.000,101.000,"0x0",55147.0234375,0,"",0,0,0,0,0,0,
381,190.000,1000,557.915,0,4,1000.000,65535,-142.7460987,61.3854523,557.9147000,0.500,190.000,0.000,-0.500,190.000,0.000,101.000,"0x0",55148.6796875,0,"",0,0,0,0,0,0,
382,190.500,1000,557.930,0,4,1000.000,65535,-142.7460924,61.3854534,557.9302000,0.500,190.500,0.000,-0.500,190.500,0.000,101.000,"0x0",55150.33203125,0,"",0,0,0,0,0,0,
383,191.000,1000,557.916,0,4,1000.000,65535,-142.7460852,61.3854538,557.9155000,0.500,191.000,0.000,-0.500,191.000,0.000,101.000,"0x0",55151.984375,0,"",0,0,0,0,0,0,
384,191.500,1000,557.978,0,4,1000.000,65535,-142.7460797,61.3854555,557.9784000,0.500,191.500,0.000,-0.500,191.500,0.000,101.000,"0x0",55153.63671875,0,"",0,0,0,0,0,0,
385,192.000,1000,558.081,0,4,1000.000,65535,-142.7460695,61.3854558,558.0809000,0.500,192.000,0.000,-0.500,192.000,0.000,101.000,"0x0",55155.2890625,0,"",0,0,0,0,0,0,
386,192.500,1000,558.071,0,4,1000.000,65535,-142.7460629,61.3854582,558.0707000,0.500,192.500,0.000,-0.500,192.500,0.000,101.000,"0x0",55156.9453125,0,"",0,0,0,0,0,0,
387,193.000,1000,558.183,0,4,1000.000,65535,-142.7460542,61.3854568,558.1829000,0.500,193.000,0.000,-0.500,193.000,0.000,101.000,"0x0",55158.59765625,0,"",0,0,0,0,0,0,
388,193.500,1000,558.302,0,4,1000.000,65535,-142.7460493,61.3854593,558.3024000,0.500,193.500,0.000,-0.500,193.500,0.000,101.000,"0x0",55160.25,0,"",0,0,0,0,0,0,
389,194.000,1000,558.226,0,4,1000.000,65535,-142.7460383,61.3854586,558.2257000,0.500,194.000,0.000,-0.500,194.000,0.000,101.000,"0x0",55161.90234375,0,"",0,0,0,0,0,0,
390,194.500,1000,558.286,0,4,1000.000,65535,-142.7460315,61.3854603,558.2859000,0.500,194.500,0.000,-0.500,194.500,0.000,101.000,"0x0",55163.5546875,0,"",0,0,0,0,0,0,
391,195.000,1000,558.352,0,4,1000.000,65535,-142.7460242,61.3854597,558.3521000,0.500,195.000,0.000,-0.500,195.000,0.000,101.000,"0x0",55165.2109375,0,"",0,0,0,0,0,0,
392,195.500,1000,558.421,0,4,1000.000,65535,-142.7460158,61.3854617,558.4208000,0.500,195.500,0.000,-0.500,195.500,0.000,101.000,"0x0",55166.86328125,0,"",0,0,0,0,0,0,
393,196.000,1000,558.454,0,4,1000.000,65535,-142.7460068,61.3854628,558.4544000,0.500,196.000,0.000,-0.500,196.000,0.000,101.000,"0x0",55168.515625,0,"",0,0,0,0,0,0,
394,196.500,1000,558.439,0,4,1000.000,65535,-142.7459991,61.3854621,558.4388000,0.500,196.500,0.000,-0.500,196.500,0.000,101.000,"0x0",55170.16796875,0,"",0,0,0,0,0,0,
395,197.000,1000,558.565,0,4,1000.000,65535,-142.7459920,61.3854639,558.5645000,0.500,197.000,0.000,-0.500,197.000,0.000,101.000,"0x0",55171.8203125,0,"",0,0,0,0,0,0,
396,197.500,1000,558.635,0,4,1000.000,65535,-142.7459821,61.3854632,558.6348000,0.500,197.500,0.000,-0.500,197.500,0.000,101.000,"0x0",55173.4765625,0,"",0,0,0,0,0,0,
397,198.000,1000,558.654,0,4,1000.000,65535,-142.7459710,61.3854635,558.6536000,0.500,198.000,0.000,-0.500,198.000,0.000,101.000,"0x0",55175.12890625,0,"",0,0,0,0,0,0,
398,198.500,1000,558.701,0,4,1000.000,65535,-142.7459628,61.3854648,558.7007000,0.500,198.500,0.000,-0.500,198.500,0.000,101.000,"0x0",55176.78125,0,"",0,0,0,0,0,0,
399,199.000,1000,558.820,0,4,1000.000,65535,-142.7459576,61.3854637,558.8204000,0.500,199.000,0.000,-0.500,199.000,0.000,101.000,"0x0",55178.43359375,0,"",0,0,0,0,0,0,
400,199.500,1000,558.939,0,4,1000.000,65535,-142.7459492,61.3854644,558.9394000,0.500,199.500,0.000,-0.500,199.500,0.000,101.000,"0x0",55180.0859375,0,"",0,0,0,0,0,0,
401,200.000,1000,558.940,0,4,1000.000,65535,-142.7459400,61.3854652,558.9398000,0.500,200.000,0.000,-0.500,200.000,0.000,101.000,"0x0",55181.73828125,0,"",0,0,0,0,0,0,
402,200.500,1000,558.919,0,4,1000.000,65535,-142.7459333,61.3854646,558.9195000,0.500,200.500,0.000,-0.500,200.500,0.000,101.000,"0x0",55183.39453125,0,"",0,0,0,0,0,0,
403,201.000,1000,558.986,0,4,1000.000,65535,-142.7459251,61.3854638,558.9858000,0.500,201.000,0.000,-0.500,201.000,0.000,101.000,"0x0",55185.046875,0,"",0,0,0,0,0,0,
404,201.500,1000,559.028,0,4,1000.000,65535,-142.7459186,61.3854661,559.0276000,0.500,201.500,0.000,-0.500,201.500,0.000,101.000,"0x0",55186.69921875,0,"",0,0,0,0,0,0,
405,202.000,1000,559.117,0,4,1000.000,65535,-142.7459084,61.3854648,559.1170000,0.500,202.000,0.000,-0.500,202.000,0.000,101.000,"0x0",55188.3515625,0,"",0,0,0,0,0,0,
406,202.500,1000,559.123,0,4,1000.000,65535,-142.7458972,61.3854646,559.1227000,0.500,202.500,0.000,-0.500,202.500,0.000,101.000,"0x0",55190.00390625,0,"",0,0,0,0,0,0,
407,203.000,1000,559.153,0,4,1000.000,65535,-142.7458888,61.3854676,559.1528000,0.500,203.000,0.000,-0.500,203.000,0.000,101.000,"0x0",55191.66015625,0,"",0,0,0,0,0,0,
408,203.500,1000,559.172,0,4,1000.000,65535,-142.7458812,61.3854672,559.1720000,0.500,203.500,0.000,-0.500,203.500,0.000,101.000,"0x0",55193.3125,0,"",0,0,0,0,0,0,
409,204.000,1000,559.336,0,4,1000.000,65535,-142.7458754,61.3854703,559.3355000,0.500,204.000,0.000,-0.500,204.000,0.000,101.000,"0x0",55194.96484375,0,"",0,0,0,0,0,0,
410,204.500,1000,559.461,0,4,1000.000,65535,-142.7458665,61.3854693,559.4605000,0.500,204.500,0.000,-0.500,204.500,0.000,101.000,"0x0",55196.6171875,0,"",0,0,0,0,0,0,
411,205.000,1000,559.539,0,4,1000.000,65535,-142.7458559,61.3854705,559.5390000,0.500,205.000,0.000,-0.500,205.000,0.000,101.000,"0x0",55198.26953125,0,"",0,0,0,0,0,0,
412,205.500,1000,559.509,0,4,1000.000,65535,-142.7458470,61.3854718,559.5090000,0.500,205.500,0.000,-0.500,205.500,0.000,101.000,"0x0",55199.92578125,0,"",0,0,0,0,0,0,
413,206.000,1000,559.546,0,4,1000.000,65535,-142.7458397,61.3854714,559.5456000,0.500,206.000,0.000,-0.500,206.000,0.000,101.000,"0x0",55201.578125,0,"",0,0,0,0,0,0,
414,206.500,1000,559.663,0,4,1000.000,65535,-142.7458299,61.3854734,559.6626000,0.500,206.500,0.000,-0.500,206.500,0.000,101.000,"0x0",55203.23046875,0,"",0,0,0,0,0,0,
415,207.000,1000,559.715,0,4,1000.000,65535,-142.7458195,61.3854727,559.7148000,0.500,207.000,0.000,-0.500,207.000,0.000,101.000,"0x0",55204.8828125,0,"",0,0,0,0,0,0,
416,207.500,1000,559.767,0,4,1000.000,65535,-142.7458120,61.3854742,559.7673000,0.500,207.500,0.000,-0.500,207.500,0.000,101.000,"0x0",55206.53515625,0,"",0,0,0,0,0,0,
417,208.000,1000,559.832,0,4,1000.000,65535,-142.7458016,61.3854737,559.8323000,0.500,208.000,0.000,-0.500,208.000,0.000,101.000,"0x0",55208.19140625,0,"",0,0,0,0,0,0,
418,208.500,1000,559.851,0,4,1000.000,65535,-142.7457913,61.3854751,559.8511000,0.500,208.500,0.000,-0.500,208.500,0.000,101.000,"0x0",55209.84375,0,"",0,0,0,0,0,0,
419,209.000,1000,559.929,0,4,1000.000,65535,-142.7457836,61.3854774,559.9294000,0.500,209.000,0.000,-0.500,209.000,0.000,101.000,"0x0",55211.49609375,0,"",0,0,0,0,0,0,
420,209.500,1000,560.051,0,4,1000.000,65535,-142.7457749,61.3854773,560.0506000,0.500,209.500,0.000,-0.500,209.500,0.000,101.000,"0x0",55213.1484375,0,"",0,0,0,0,0,0,
421,210.000,1000,560.063,0,4,1000.000,65535,-142.7457694,61.3854796,560.0629000,0.500,210.000,0.000,-0.500,210.000,0.000,101.000,"0x0",55214.80078125,0,"",0,0,0,0,0,0,
422,210.500,1000,560.196,0,4,1000.000,65535,-142.7457613,61.3854789,560.1960000,0.500,210.500,0.000,-0.500,210.500,0.000,101.000,"0x0",55216.45703125,0,"",0,0,0,0,0,0,
423,211.000,1000,560.219,0,4,1000.000,65535,-142.7457566,61.3854799,560.2195000,0.500,211.000,0.000,-0.500,211.000,0.000,101.000,"0x0",55218.109375,0,"",0,0,0,0,0,0,
424,211.500,1000,560.242,0,4,1000.000,65535,-142.7457463,61.3854800,560.2425000,0.500,211.500,0.000,-0.500,211.500,0.000,101.000,"0x0",55219.76171875,0,"",0,0,0,0,0,0,
425,212.000,1000,560.348,0,4,1000.000,65535,-142.7457355,61.3854825,560.3482000,0.500,212.000,0.000,-0.500,212.000,0.000,101.000,"0x0",55221.4140625,0,"",0,0,0,0,0,0,
426,212.500,1000,560.409,0,4,1000.000,65535,-142.7457274,61.3854837,560.4093000,0.500,212.500,0.000,-0.500,212.500,0.000,101.000,"0x0",55223.06640625,0,"",0,0,0,0,0,0,
427,213.000,1000,560.453,0,4,1000.000,65535,-142.7457196,61.3854852,560.4533000,0.500,213.000,0.000,-0.500,213.000,0.000,101.000,"0x0",55224.72265625,0,"",0,0,0,0,0,0,
428,213.500,1000,560.490,0,4,1000.000,65535,-142.7457109,61.3854857,560.4898000,0.500,213.500,0.000,-0.500,213.500,0.000,101.000,"0x0",55226.375,0,"",0,0,0,0,0,0,
429,214.000,1000,560.533,0,4,1000.000,65535,-142.7457012,61.3854858,560.5332000,0.500,214.000,0.000,-0.500,214.000,0.000,101.000,"0x0",55228.02734375,0,"",0,0,0,0,0,0,
430,214.500,1000,560.661,0,4,1000.000,65535,-142.7456945,61.3854875,560.6614000,0.500,214.500,0.000,-0.500,214.500,0.000,101.000,"0x0",55229.6796875,0,"",0,0,0,0,0,0,
431,215.000,1000,560.700,0,4,1000.000,65535,-142.7456874,61.3854871,560.7003000,0.500,215.000,0.000,-0.500,215.000,0.000,101.000,"0x0",55231.33203125,0,"",0,0,0,0,0,0,
432,215.500,1000,560.847,0,4,1000.000,65535,-142.7456796,61.3854895,560.8468000,0.500,215.500,0.000,-0.500,215.500,0.000,101.000,"0x0",55232.98828125,0,"",0,0,0,0,0,0,
433,216.000,1000,560.914,0,4,1000.000,65535,-142.7456727,61.3854891,560.9143000,0.500,216.000,0.000,-0.500,216.000,0.000,101.000,"0x0",55234.640625,0,"",0,0,0,0,0,0,
434,216.500,1000,560.974,0,4,1000.000,65535,-142.7456671,61.3854914,560.9739000,0.500,216.500,0.000,-0.500,216.500,0.000,101.000,"0x0",55236.29296875,0,"",0,0,0,0,0,0,
435,217.000,1000,561.056,0,4,1000.000,65535,-142.7456587,61.3854912,561.0564000,0.500,217.000,0.000,-0.500,217.000,0.000,101.000,"0x0",55237.9453125,0,"",0,0,0,0,0,0,
436,217.500,1000,561.131,0,4,1000.000,65535,-142.7456505,61.3854918,561.1306000,0.500,217.500,0.000,-0.500,217.500,0.000,101.000,"0x0",55239.59765625,0,"",0,0,0,0,0,0,
437,218.000,1000,561.188,0,4,1000.000,65535,-142.7456409,61.3854918,561.1879000,0.500,218.000,0.000,-0.500,218.000,0.000,101.000,"0x0",55241.25390625,0,"",0,0,0,0,0,0,
438,218.500,1000,561.139,0,4,1000.000,65535,-142.7456321,61.3854913,561.1386000,0.500,218.500,0.000,-0.500,218.500,0.000,101.000,"0x0",55242.90625,0,"",0,0,0,0,0,0,
439,219.000,1000,561.289,0,4,1000.000,65535,-142.7456252,61.3854941,561.2885000,0.500,219.000,0.000,-0.500,219.000,0.000,101.000,"0x0",55244.55859375,0,"",0,0,0,0,0,0,
440,219.500,1000,561.372,0,4,1000.000,65535,-142.7456142,61.3854940,561.3719000,0.500,219.500,0.000,-0.500,219.500,0.000,101.000,"0x0",55246.2109375,0,"",0,0,0,0,0,0,
441,220.000,1000,561.428,0,4,1000.000,65535,-142.7456052,61.3854954,561.4279000,0.500,220.000,0.000,-0.500,220.000,0.000,101.000,"0x0",55247.86328125,0,"",0,0,0,0,0,0,
442,220.500,1000,561.523,0,4,1000.000,65535,-142.7455995,61.3854972,561.5226000,0.500,220.500,0.000,-0.500,220.500,0.000,101.000,"0x0",55249.51953125,0,"",0,0,0,0,0,0,
443,221.000,1000,561.627,0,4,1000.000,65535,-142.7455920,61.3854960,561.6266000,0.500,221.000,0.000,-0.500,221.000,0.000,101.000,"0x0",55251.171875,0,"",0,0,0,0,0,0,
444,221.500,1000,561.677,0,4,1000.000,65535,-142.7455815,61.3854980,561.6765000,0.500,221.500,0.000,-0.500,221.500,0.000,101.000,"0x0",55252.82421875,0,"",0,0,0,0,0,0,
445,222.000,1000,561.664,0,4,1000.000,65535,-142.7455745,61.3855009,561.6640000,0.500,222.000,0.000,-0.500,222.000,0.000,101.000,"0x0",55254.4765625,0,"",0,0,0,0,0,0,
446,222.500,1000,561.783,0,4,1000.000,65535,-142.7455646,61.3855007,561.7829000,0.500,222.500,0.000,-0.500,222.500,0.000,101.000,"0x0",55256.12890625,0,"",0,0,0,0,0,0,
447,223.000,1000,561.813,0,4,1000.000,65535,-142.7455552,61.3855019,561.8126000,0.500,223.000,0.000,-0.500,223.000,0.000,101.000,"0x0",55257.78515625,0,"",0,0,0,0,0,0,
448,223.500,1000,561.896,0,4,1000.000,65535,-142.7455483,61.3855032,561.8965000,0.500,223.500,0.000,-0.500,223.500,0.000,101.000,"0x0",55259.4375,0,"",0,0,0,0,0,0,
449,224.000,1000,561.923,0,4,1000.000,65535,-142.7455433,61.3855033,561.9226000,0.500,224.000,0.000,-0.500,224.000,0.000,101.000,"0x0",55261.08984375,0,"",0,0,0,0,0,0,
450,224.500,1000,562.039,0,4,1000.000,65535,-142.7455372,61.3855060,562.0391000,0.500,224.500,0.000,-0.500,224.500,0.000,101.000,"0x0",55262.7421875,0,"",0,0,0,0,0,0,
451,225.000,1000,562.075,0,4,1000.000,65535,-142.7455267,61.3855060,562.0748000,0.500,225.000,0.000,-0.500,225.000,0.000,101.000,"0x0",55264.39453125,0,"",0,0,0,0,0,0,
452,225.500,1000,562.129,0,4,1000.000,65535,-142.7455210,61.3855077,562.1288000,0.500,225.500,0.000,-0.500,225.500,0.000,101.000,"0x0",55266.05078125,0,"",0,0,0,0,0,0,
453,226.000,1000,562.194,0,4,1000.000,65535,-142.7455154,61.3855097,562.1940000,0.500,226.000,0.000,-0.500,226.000,0.000,101.000,"0x0",55267.703125,0,"",0,0,0,0,0,0,
454,226.500,1000,562.199,0,4,1000.000,65535,-142.7455073,61.3855102,562.1988000,0.500,226.500,0.000,-0.500,226.500,0.000,101.000,"0x0",55269.35546875,0,"",0,0,0,0,0,0,
455,227.000,1000,562.304,0,4,1000.000,65535,-142.7454996,61.3855115,562.3043000,0.500,227.000,0.000,-0.500,227.000,0.000,101.000,"0x0",55271.0078125,0,"",0,0,0,0,0,0,
456,227.500,1000,562.295,0,4,1000.000,65535,-142.7454909,61.3855121,562.2948000,0.500,227.500,0.000,-0.500,227.500,0.000,101.000,"0x0",55272.66015625,0,"",0,0,0,0,0,0,
457,228.000,1000,562.292,0,4,1000.000,65535,-142.7454848,61.3855129,562.2919000,0.500,228.000,0.000,-0.500,228.000,0.000,101.000,"0x0",55274.31640625,0,"",0,0,0,0,0,0,
458,228.500,1000,562.402,0,4,1000.000,65535,-142.7454773,61.3855151,562.4016000,0.500,228.500,0.000,-0.500,228.500,0.000,101.000,"0x0",55275.96875,0,"",0,0,0,0,0,0,
459,229.000,1000,562.435,0,4,1000.000,65535,-142.7454673,61.3855156,562.4354000,0.500,229.000,0.000,-0.500,229.000,0.000,101.000,"0x0",55277.62109375,0,"",0,0,0,0,0,0,
460,229.500,1000,562.478,0,4,1000.000,65535,-142.7454591,61.3855155,562.4778000,0.500,229.500,0.000,-0.500,229.500,0.000,101.000,"0x0",55279.2734375,0,"",0,0,0,0,0,0,
461,230.000,1000,562.609,0,4,1000.000,65535,-142.7454519,61.3855179,562.6094000,0.500,230.000,0.000,-0.500,230.000,0.000,101.000,"0x0",55280.92578125,0,"",0,0,0,0,0,0,
462,230.500,1000,562.697,0,4,1000.000,65535,-142.7454444,61.3855192,562.6969000,0.500,230.500,0.000,-0.500,230.500,0.000,101.000,"0x0",55282.58203125,0,"",0,0,0,0,0,0,
463,231.000,1000,562.691,0,4,1000.000,65535,-142.7454361,61.3855190,562.6908000,0.500,231.000,0.000,-0.500,231.000,0.000,101.000,"0x0",55284.234375,0,"",0,0,0,0,0,0,
464,231.500,1000,562.753,0,4,1000.000,65535,-142.7454280,61.3855203,562.7533000,0.500,231.500,0.000,-0.500,231.500,0.000,101.000,"0x0",55285.88671875,0,"",0,0,0,0,0,0,
465,232.000,1000,562.792,0,4,1000.000,65535,-142.7454205,61.3855224,562.7915000,0.500,232.000,0.000,-0.500,232.000,0.000,101.000,"0x0",55287.5390625,0,"",0,0,0,0,0,0,
466,232.500,1000,562.808,0,4,1000.000,65535,-142.7454120,61.3855214,562.8077000,0.500,232.500,0.000,-0.500,232.500,0.000,101.000,"0x0",55289.19140625,0,"",0,0,0,0,0,0,
467,233.000,1000,562.784,0,4,1000.000,65535,-142.7454048,61.3855228,562.7838000,0.500,233.000,0.000,-0.500,233.000,0.000,101.000,"0x0",55290.84765625,0,"",0,0,0,0,0,0,
468,233.500,1000,562.807,0,4,1000.000,65535,-142.7453967,61.3855246,562.8070000,0.500,233.500,0.000,-0.500,233.500,0.000,101.000,"0x0",55292.5,0,"",0,0,0,0,0,0,
469,234.000,1000,562.778,0,4,1000.000,65535,-142.7453893,61.3855244,562.7782000,0.500,234.000,0.000,-0.500,234.000,0.000,101.000,"0x0",55294.15234375,0,"",0,0,0,0,0,0,
470,234.500,1000,562.942,0,4,1000.000,65535,-142.7453806,61.3855261,562.9420000,0.500,234.500,0.000,-0.500,234.500,0.000,101.000,"0x0",55295.8046875,0,"",0,0,0,0,0,0,
471,235.000,1000,562.980,0,4,1000.000,65535,-142.7453741,61.3855287,562.9801000,0.500,235.000,0.000,-0.500,235.000,0.000,101.000,"0x0",55297.45703125,0,"",0,0,0,0,0,0,
472,235.500,1000,563.116,0,4,1000.000,65535,-142.7453673,61.3855278,563.1157000,0.500,235.500,0.000,-0.500,235.500,0.000,101.000,"0x0",55299.11328125,0,"",0,0,0,0,0,0,
473,236.000,1000,563.162,0,4,1000.000,65535,-142.7453584,61.3855300,563.1625000,0.500,236.000,0.000,-0.500,236.000,0.000,101.000,"0x0",55300.765625,0,"",0,0,0,0,0,0,
474,236.500,1000,563.158,0,4,1000.000,65535,-142.7453514,61.3855330,563.1581000,0.500,236.500,0.000,-0.500,236.500,0.000,101.000,"0x0",55302.41796875,0,"",0,0,0,0,0,0,
475,237.000,1000,563.269,0,4,1000.000,65535,-142.7453425,61.3855327,563.2691000,0.500,237.000,0.000,-0.500,237.000,0.000,101.000,"0x0",55304.0703125,0,"",0,0,0,0,0,0,
476,237.500,1000,563.286,0,4,1000.000,65535,-142.7453330,61.3855342,563.2860000,0.500,237.500,0.000,-0.500,237.500,0.000,101.000,"0x0",55305.72265625,0,"",0,0,0,0,0,0,
477,238.000,1000,563.267,0,4,1000.000,65535,-142.7453269,61.3855372,563.2672000,0.500,238.000,0.000,-0.500,238.000,0.000,101.000,"0x0",55307.37890625,0,"",0,0,0,0,0,0,
478,238.500,1000,563.314,0,4,1000.000,65535,-142.7453184,61.3855388,563.3141000,0.500,238.500,0.000,-0.500,238.500,0.000,101.000,"0x0",55309.03125,0,"",0,0,0,0,0,0,
479,239.000,1000,563.351,0,4,1000.000,65535,-142.7453096,61.3855387,563.3511000,0.500,239.000,0.000,-0.500,239.000,0.000,101.000,"0x0",55310.68359375,0,"",0,0,0,0,0,0,
480,239.500,1000,563.392,0,4,1000.000,65535,-142.7453044,61.3855420,563.3919000,0.500,239.500,0.000,-0.500,239.500,0.000,101.000,"0x0",55312.3359375,0,"",0,0,0,0,0,0,
481,240.000,1000,563.444,0,4,1000.000,65535,-142.7452931,61.3855431,563.4444000,0.500,240.000,0.000,-0.500,240.000,0.000,101.000,"0x0",55313.98828125,0,"",0,0,0,0,0,0,
482,240.500,1000,563.448,0,4,1000.000,65535,-142.7452838,61.3855441,563.4478000,0.500,240.500,0.000,-0.500,240.500,0.000,101.000,"0x0",55315.640625,0,"",0,0,0,0,0,0,
483,241.000,1000,563.455,0,4,1000.000,65535,-142.7452767,61.3855476,563.4549000,0.500,241.000,0.000,-0.500,241.000,0.000,101.000,"0x0",55317.296875,0,"",0,0,0,0,0,0,
484,241.500,1000,563.509,0,4,1000.000,65535,-142.7452704,61.3855475,563.5091000,0.500,241.500,0.000,-0.500,241.500,0.000,101.000,"0x0",55318.94921875,0,"",0,0,0,0,0,0,
485,242.000,1000,563.623,0,4,1000.000,65535,-142.7452628,61.3855502,563.6229000,0.500,242.000,0.000,-0.500,242.000,0.000,101.000,"0x0",55320.6015625,0,"",0,0,0,0,0,0,
486,242.500,1000,563.607,0,4,1000.000,65535,-142.7452541,61.3855523,563.6075000,0.500,242.500,0.000,-0.500,242.500,0.000,101.000,"0x0",55322.25390625,0,"",0,0,0,0,0,0,
487,243.000,1000,563.656,0,4,1000.000,65535,-142.7452444,61.3855516,563.6557000,0.500,243.000,0.000,-0.500,243.000,0.000,101.000,"0x0",55323.91015625,0,"",0,0,0,0,0,0,
488,243.500,1000,563.740,0,4,1000.000,65535,-142.7452382,61.3855549,563.7399000,0.500,243.500,0.000,-0.500,243.500,0.000,101.000,"0x0",55325.5625,0,"",0,0,0,0,0,0,
489,244.000,1000,563.810,0,4,1000.000,65535,-142.7452295,61.3855552,563.8101000,0.500,244.000,0.000,-0.500,244.000,0.000,101.000,"0x0",55327.21484375,0,"",0,0,0,0,0,0,
490,244.500,1000,563.835,0,4,1000.000,65535,-142.7452231,61.3855567,563.8348000,0.500,244.500,0.000,-0.500,244.500,0.000,101.000,"0x0",55328.8671875,0,"",0,0,0,0,0,0,
491,245.000,1000,563.921,0,4,1000.000,65535,-142.7452153,61.3855595,563.9211000,0.500,245.000,0.000,-0.500,245.000,0.000,101.000,"0x0",55330.51953125,0,"",0,0,0,0,0,0,
492,245.500,1000,563.922,0,4,1000.000,65535,-142.7452063,61.3855601,563.9224000,0.500,245.500,0.000,-0.500,245.500,0.000,101.000,"0x0",55332.17578125,0,"",0,0,0,0,0,0,
493,246.000,1000,563.981,0,4,1000.000,65535,-142.7451990,61.3855618,563.9810000,0.500,246.000,0.000,-0.500,246.000,0.000,101.000,"0x0",55333.828125,0,"",0,0,0,0,0,0,
494,246.500,1000,563.945,0,4,1000.000,65535,-142.7451914,61.3855635,563.9451000,0.500,246.500,0.000,-0.500,246.500,0.000,101.000,"0x0",55335.48046875,0,"",0,0,0,0,0,0,
495,247.000,1000,564.065,0,4,1000.000,65535,-142.7451821,61.3855630,564.0650000,0.500,247.000,0.000,-0.500,247.000,0.000,101.000,"0x0",55337.1328125,0,"",0,0,0,0,0,0,
496,247.500,1000,564.109,0,4,1000.000,65535,-142.7451718,61.3855644,564.1091000,0.500,247.500,0.000,-0.500,247.500,0.000,101.000,"0x0",55338.78515625,0,"",0,0,0,0,0,0,
497,248.000,1000,564.068,0,4,1000.000,65535,-142.7451645,61.3855660,564.0675000,0.500,248.000,0.000,-0.500,248.000,0.000,101.000,"0x0",55340.4375,0,"",0,0,0,0,0,0,
498,248.500,1000,564.080,0,4,1000.000,65535,-142.7451576,61.3855678,564.0803000,0.500,248.500,0.000,-0.500,248.500,0.000,101.000,"0x0",55342.09375,0,"",0,0,0,0,0,0,
499,249.000,1000,564.081,0,4,1000.000,65535,-142.7451501,61.3855685,564.0808000,0.500,249.000,0.000,-0.500,249.000,0.000,101.000,"0x0",55343.74609375,0,"",0,0,0,0,0,0,
500,249.500,1000,564.042,0,4,1000.000,65535,-142.7451403,61.3855681,564.0425000,0.500,249.500,0.000,-0.500,249.500,0.000,101.000,"0x0",55345.3984375,0,"",0,0,0,0,0,0,
501,250.000,1000,564.090,0,4,1000.000,65535,-142.7451320,61.3855700,564.0904000,0.500,250.000,0.000,-0.500,250.000,0.000,101.000,"0x0",55347.05078125,0,"",0,0,0,0,0,0,
502,250.500,1000,564.087,0,4,1000.000,65535,-142.7451233,61.3855717,564.0874000,0.500,250.500,0.000,-0.500,250.500,0.000,101.000,"0x0",55348.70703125,0,"",0,0,0,0,0,0,
503,251.000,1000,564.079,0,4,1000.000,65535,-142.7451126,61.3855712,564.0788000,0.500,251.000,0.000,-0.500,251.000,0.000,101.000,"0x0",55350.359375,0,"",0,0,0,0,0,0,
504,251.500,1000,564.115,0,4,1000.000,65535,-142.7451043,61.3855700,564.1154000,0.500,251.500,0.000,-0.500,251.500,0.000,101.000,"0x0",55352.01171875,0,"",0,0,0,0,0,0,
505,252.000,1000,564.202,0,4,1000.000,65535,-142.7450921,61.3855704,564.2021000,0.500,252.000,0.000,-0.500,252.000,0.000,101.000,"0x0",55353.6640625,0,"",0,0,0,0,0,0,
506,252.500,1000,564.151,0,4,1000.000,65535,-142.7450826,61.3855704,564.1513000,0.500,252.500,0.000,-0.500,252.500,0.000,101.000,"0x0",55355.31640625,0,"",0,0,0,0,0,0,
507,253.000,1000,564.144,0,4,1000.000,65535,-142.7450729,61.3855684,564.1444000,0.500,253.000,0.000,-0.500,253.000,0.000,101.000,"0x0",55356.97265625,0,"",0,0,0,0,0,0,
508,253.500,1000,564.125,0,4,1000.000,65535,-142.7450650,61.3855670,564.1254000,0.500,253.500,0.000,-0.500,253.500,0.000,101.000,"0x0",55358.625,0,"",0,0,0,0,0,0,
509,254.000,1000,564.149,0,4,1000.000,65535,-142.7450568,61.3855655,564.1488000,0.500,254.000,0.000,-0.500,254.000,0.000,101.000,"0x0",55360.27734375,0,"",0,0,0,0,0,0,
510,254.500,1000,564.081,0,4,1000.000,65535,-142.7450453,61.3855653,564.0807000,0.500,254.500,0.000,-0.500,254.500,0.000,101.000,"0x0",55361.9296875,0,"",0,0,0,0,0,0,
511,255.000,1000,564.008,0,4,1000.000,65535,-142.7450342,61.3855642,564.0080000,0.500,255.000,0.000,-0.500,255.000,0.000,101.000,"0x0",55363.58203125,0,"",0,0,0,0,0,0,
512,255.500,1000,563.948,0,4,1000.000,65535,-142.7450256,61.3855611,563.9479000,0.500,255.500,0.000,-0.500,255.500,0.000,101.000,"0x0",55365.23828125,0,"",0,0,0,0,0,0,
513,256.000,1000,563.881,0,4,1000.000,65535,-142.7450161,61.3855589,563.8808000,0.500,256.000,0.000,-0.500,256.000,0.000,101.000,"0x0",55366.890625,0,"",0,0,0,0,0,0,
514,256.500,1000,563.822,0,4,1000.000,65535,-142.7450074,61.3855584,563.8218000,0.500,256.500,0.000,-0.500,256.500,0.000,101.000,"0x0",55368.54296875,0,"",0,0,0,0,0,0,
515,257.000,1000,563.878,0,4,1000.000,65535,-142.7450007,61.3855548,563.8779000,0.500,257.000,0.000,-0.500,257.000,0.000,101.000,"0x0",55370.1953125,0,"",0,0,0,0,0,0,
516,257.500,1000,563.942,0,4,1000.000,65535,-142.7449890,61.3855535,563.9423000,0.500,257.500,0.000,-0.500,257.500,0.000,101.000,"0x0",55371.84765625,0,"",0,0,0,0,0,0,
517,258.000,1000,564.072,0,4,1000.000,65535,-142.7449782,61.3855539,564.0723000,0.500,258.000,0.000,-0.500,258.000,0.000,101.000,"0x0",55373.5,0,"",0,0,0,0,0,0,
518,258.500,1000,564.127,0,4,1000.000,65535,-142.7449686,61.3855540,564.1274000,0.500,258.500,0.000,-0.500,258.500,0.000,101.000,"0x0",55375.15625,0,"",0,0,0,0,0,0,
519,259.000,1000,564.154,0,4,1000.000,65535,-142.7449609,61.3855533,564.1539000,0.500,259.000,0.000,-0.500,259.000,0.000,101.000,"0x0",55376.80859375,0,"",0,0,0,0,0,0,
520,259.500,1000,564.239,0,4,1000.000,65535,-142.7449508,61.3855534,564.2386000,0.500,259.500,0.000,-0.500,259.500,0.000,101.000,"0x0",55378.4609375,0,"",0,0,0,0,0,0,
521,260.000,1000,564.183,0,4,1000.000,65535,-142.7449419,61.3855533,564.1833000,0.500,260.000,0.000,-0.500,260.000,0.000,101.000,"0x0",55380.11328125,0,"",0,0,0,0,0,0,
522,260.500,1000,564.234,0,4,1000.000,65535,-142.7449318,61.3855557,564.2337000,0.500,260.500,0.000,-0.500,260.500,0.000,101.000,"0x0",55381.765625,0,"",0,0,0,0,0,0,
523,261.000,1000,564.223,0,4,1000.000,65535,-142.7449244,61.3855555,564.2231000,0.500,261.000,0.000,-0.500,261.000,0.000,101.000,"0x0",55383.421875,0,"",0,0,0,0,0,0,
524,261.500,1000,564.290,0,4,1000.000,65535,-142.7449131,61.3855568,564.2901000,0.500,261.500,0.000,-0.500,261.500,0.000,101.000,"0x0",55385.07421875,0,"",0,0,0,0,0,0,
525,262.000,1000,564.308,0,4,1000.000,65535,-142.7449035,61.3855575,564.3085000,0.500,262.000,0.000,-0.500,262.000,0.000,101.000,"0x0",55386.7265625,0,"",0,0,0,0,0,0,
526,262.500,1000,564.355,0,4,1000.000,65535,-142.7448954,61.3855613,564.3546000,0.500,262.500,0.000,-0.500,262.500,0.000,101.000,"0x0",55388.37890625,0,"",0,0,0,0,0,0,
527,263.000,1000,564.437,0,4,1000.000,65535,-142.7448871,61.3855639,564.4370000,0.500,263.000,0.000,-0.500,263.000,0.000,101.000,"0x0",55390.03125,0,"",0,0,0,0,0,0,
528,263.500,1000,564.582,0,4,1000.000,65535,-142.7448766,61.3855652,564.5821000,0.500,263.500,0.000,-0.500,263.500,0.000,101.000,"0x0",55391.6875,0,"",0,0,0,0,0,0,
529,264.000,1000,564.593,0,4,1000.000,65535,-142.7448675,61.3855663,564.5930000,0.500,264.000,0.000,-0.500,264.000,0.000,101.000,"0x0",55393.33984375,0,"",0,0,0,0,0,0,
530,264.500,1000,564.706,0,4,1000.000,65535,-142.7448575,61.3855691,564.7065000,0.500,264.500,0.000,-0.500,264.500,0.000,101.000,"0x0",55394.9921875,0,"",0,0,0,0,0,0,
531,265.000,1000,564.750,0,4,1000.000,65535,-142.7448524,61.3855719,564.7500000,0.500,265.000,0.000,-0.500,265.000,0.000,101.000,"0x0",55396.64453125,0,"",0,0,0,0,0,0,
532,265.500,1000,564.745,0,4,1000.000,65535,-142.7448411,61.3855731,564.7453000,0.500,265.500,0.000,-0.500,265.500,0.000,101.000,"0x0",55398.296875,0,"",0,0,0,0,0,0,
533,266.000,1000,564.818,0,4,1000.000,65535,-142.7448334,61.3855739,564.8178000,0.500,266.000,0.000,-0.500,266.000,0.000,101.000,"0x0",55399.953125,0,"",0,0,0,0,0,0,
534,266.500,1000,564.941,0,4,1000.000,65535,-142.7448248,61.3855775,564.9410000,0.500,266.500,0.000,-0.500,266.500,0.000,101.000,"0x0",55401.60546875,0,"",0,0,0,0,0,0,
535,267.000,1000,564.996,0,4,1000.000,65535,-142.7448185,61.3855804,564.9959000,0.500,267.000,0.000,-0.500,267.000,0.000,101.000,"0x0",55403.2578125,0,"",0,0,0,0,0,0,
536,267.500,1000,565.157,0,4,1000.000,65535,-142.7448097,61.3855805,565.1572000,0.500,267.500,0.000,-0.500,267.500,0.000,101.000,"0x0",55404.91015625,0,"",0,0,0,0,0,0,
537,268.000,1000,565.135,0,4,1000.000,65535,-142.7448013,61.3855824,565.1354000,0.500,268.000,0.000,-0.500,268.000,0.000,101.000,"0x0",55406.5625,0,"",0,0,0,0,0,0,
538,268.500,1000,565.238,0,4,1000.000,65535,-142.7447960,61.3855860,565.2376000,0.500,268.500,0.000,-0.500,268.500,0.000,101.000,"0x0",55408.21875,0,"",0,0,0,0,0,0,
539,269.000,1000,565.318,0,4,1000.000,65535,-142.7447960,61.3855860,565.3175000,0.500,269.000,0.000,-0.500,269.000,0.000,101.000,"0x0",55409.87109375,0,"",0,0,0,0,0,0,
